CHR,F,SNP,BP,P,TOTAL,NSIG,S05,S01,S001,S0001,SP2
CE10_chr2,1,CE10_chr2_41357915,41357915,0,8,6,2,0,0,0,"CE10_chr2_41454491(1),CE10_chr2_41454867(1),CE10_chr2_41462407(1),CE10_chr2_41529499(1),CE10_chr2_41535553(1),CE10_chr2_41535636(1),CE10_chr2_41578183(1),CE10_chr2_41593369(1)"
CE10_chr1,1,CE10_chr1_287193,287193,0.003,1,1,0,0,0,0,CE10_chr1_287312(1)
CE10_chr2,1,CE10_chr2_29806546,29806546,0.003,0,0,0,0,0,0,NONE
CE10_chr2,1,CE10_chr2_30197921,30197921,0.003,0,0,0,0,0,0,NONE
CE10_chr2,1,CE10_chr2_30802406,30802406,0.003,0,0,0,0,0,0,NONE
CE10_chr2,1,CE10_chr2_32889960,32889960,0.003,1,0,1,0,0,0,CE10_chr2_33047257(1)
CE10_chr2,1,CE10_chr2_33345278,33345278,0.003,0,0,0,0,0,0,NONE
CE10_chr2,1,CE10_chr2_36732973,36732973,0.003,11,7,2,2,0,0,"CE10_chr2_36493783(1),CE10_chr2_36674442(1),CE10_chr2_36679253(1),CE10_chr2_36737286(1),CE10_chr2_36769262(1),CE10_chr2_36806518(1),CE10_chr2_36806573(1),CE10_chr2_36810782(1),CE10_chr2_36814675(1),CE10_chr2_36858430(1),CE10_chr2_36859352(1)"
CE10_chr2,1,CE10_chr2_36984809,36984809,0.003,2,0,1,1,0,0,"CE10_chr2_36984787(1),CE10_chr2_37001639(1)"
CE10_chr2,1,CE10_chr2_51858235,51858235,0.003,0,0,0,0,0,0,NONE
CE10_chr3,1,CE10_chr3_49021079,49021079,0.003,0,0,0,0,0,0,NONE
CE10_chr2,1,CE10_chr2_37095148,37095148,0.00625,1,1,0,0,0,0,CE10_chr2_37096910(1)
CE10_chr2,1,CE10_chr2_38238330,38238330,0.00625,4,4,0,0,0,0,"CE10_chr2_38086166(1),CE10_chr2_38287407(1),CE10_chr2_38344774(1),CE10_chr2_38357560(1)"
CE10_chr1,1,CE10_chr1_4668521,4668521,0.00725,1,1,0,0,0,0,CE10_chr1_4667637(1)
CE10_chr2,1,CE10_chr2_27830817,27830817,0.00725,0,0,0,0,0,0,NONE
CE10_chr2,1,CE10_chr2_26590922,26590922,0.009,0,0,0,0,0,0,NONE
CE10_chr2,1,CE10_chr2_29314202,29314202,0.009,0,0,0,0,0,0,NONE
CE10_chr2,1,CE10_chr2_32556657,32556657,0.01,0,0,0,0,0,0,NONE
CE10_chr2,1,CE10_chr2_30917575,30917575,0.0105,2,1,1,0,0,0,"CE10_chr2_30786734(1),CE10_chr2_31070781(1)"
CE10_chr2,1,CE10_chr2_29586802,29586802,0.011,1,0,1,0,0,0,CE10_chr2_29617688(1)
CE10_chr2,1,CE10_chr2_26881257,26881257,0.0118,0,0,0,0,0,0,NONE
CE10_chr2,1,CE10_chr2_32543208,32543208,0.0125,3,2,1,0,0,0,"CE10_chr2_32310539(1),CE10_chr2_32451015(1),CE10_chr2_32564726(1)"
CE10_chr2,1,CE10_chr2_31578412,31578412,0.0132,0,0,0,0,0,0,NONE
CE10_chr4,1,CE10_chr4_43475726,43475726,0.0132,0,0,0,0,0,0,NONE
CE10_chr2,1,CE10_chr2_33563016,33563016,0.014,1,1,0,0,0,0,CE10_chr2_33463990(1)
CE10_chr3,1,CE10_chr3_43180414,43180414,0.0145,0,0,0,0,0,0,NONE
CE10_chr7,1,CE10_chr7_45848685,45848685,0.0155,0,0,0,0,0,0,NONE
CE10_chr2,1,CE10_chr2_30654844,30654844,0.0165,1,0,1,0,0,0,CE10_chr2_30464097(1)
CE10_chr2,1,CE10_chr2_31313971,31313971,0.0175,1,0,1,0,0,0,CE10_chr2_31456487(1)
CE10_chr6,1,CE10_chr6_22377628,22377628,0.018,2,2,0,0,0,0,CE10_chr6_22331651(1)
CE10_chr1,1,CE10_chr1_4140346,4140346,0.0185,0,0,0,0,0,0,NONE
CE10_chr1,1,CE10_chr1_2447182,2447182,0.019,0,0,0,0,0,0,NONE
CE10_chr2,1,CE10_chr2_41277462,41277462,0.0195,12,8,4,0,0,0,"CE10_chr2_41216902(1),CE10_chr2_41234806(1),CE10_chr2_41236007(1),CE10_chr2_41238429(1),CE10_chr2_41238694(1),CE10_chr2_41242285(1),CE10_chr2_41242301(1),CE10_chr2_41242312(1),CE10_chr2_41242394(1),CE10_chr2_41379622(1),CE10_chr2_41498448(1),CE10_chr2_41507207(1)"
CE10_chr8,1,CE10_chr8_4144419,4144419,0.02,0,0,0,0,0,0,NONE
CE10_chr1,1,CE10_chr1_4017863,4017863,0.0205,1,1,0,0,0,0,CE10_chr1_4073428(1)
CE10_chr8,1,CE10_chr8_704365,704365,0.021,4,2,2,0,0,0,"CE10_chr8_699623(1),CE10_chr8_704204(1),CE10_chr8_704282(1),CE10_chr8_707396(1)"
CE10_chr3,1,CE10_chr3_3413524,3413524,0.0215,1,1,0,0,0,0,CE10_chr3_3273251(1)
CE10_chr3,1,CE10_chr3_3417612,3417612,0.022,1,0,1,0,0,0,CE10_chr3_3417787(1)
CE10_chr2,1,CE10_chr2_37523865,37523865,0.0225,2,2,0,0,0,0,"CE10_chr2_37485375(1),CE10_chr2_37524526(1)"
CE10_chr2,1,CE10_chr2_38399448,38399448,0.023,30,30,0,0,0,0,"CE10_chr2_38156632(1),CE10_chr2_38156681(1),CE10_chr2_38156829(1),CE10_chr2_38170662(1),CE10_chr2_38172228(1),CE10_chr2_38183062(1),CE10_chr2_38183912(1),CE10_chr2_38189613(1),CE10_chr2_38212210(1),CE10_chr2_38214679(1),CE10_chr2_38215850(1),CE10_chr2_38215865(1),CE10_chr2_38216138(1),CE10_chr2_38217290(1),CE10_chr2_38245445(1),CE10_chr2_38245717(1),CE10_chr2_38253130(1),CE10_chr2_38266997(1),CE10_chr2_38269166(1),CE10_chr2_38287202(1),CE10_chr2_38290191(1),CE10_chr2_38293920(1),CE10_chr2_38340538(1),CE10_chr2_38340685(1),CE10_chr2_38361130(1),CE10_chr2_38369251(1),CE10_chr2_38376343(1),CE10_chr2_38392722(1),CE10_chr2_38413585(1),CE10_chr2_38423502(1)"
CE10_chr1,1,CE10_chr1_4081520,4081520,0.0235,0,0,0,0,0,0,NONE
CE10_chr8,1,CE10_chr8_2452787,2452787,0.024,0,0,0,0,0,0,NONE
CE10_chr2,1,CE10_chr2_47223196,47223196,0.0245,0,0,0,0,0,0,NONE
CE10_chr2,1,CE10_chr2_41216914,41216914,0.0255,0,0,0,0,0,0,NONE
CE10_chr8,1,CE10_chr8_13788886,13788886,0.0265,11,11,0,0,0,0,"CE10_chr8_13758584(1),CE10_chr8_13758603(1),CE10_chr8_13758652(1),CE10_chr8_13763731(1),CE10_chr8_13780658(1),CE10_chr8_13788341(1),CE10_chr8_13789686(1),CE10_chr8_13789699(1),CE10_chr8_13789938(1),CE10_chr8_13791621(1),CE10_chr8_13795829(1)"
CE10_chr2,1,CE10_chr2_22365857,22365857,0.027,10,10,0,0,0,0,"CE10_chr2_22284530(1),CE10_chr2_22289437(1),CE10_chr2_22310274(1),CE10_chr2_22311457(1),CE10_chr2_22311483(1),CE10_chr2_22430802(1),CE10_chr2_22430814(1),CE10_chr2_22465500(1),CE10_chr2_22566806(1),CE10_chr2_22595580(1)"
CE10_chr4,1,CE10_chr4_6919550,6919550,0.0275,0,0,0,0,0,0,NONE
CE10_chr5,1,CE10_chr5_19307065,19307065,0.0285,2,2,0,0,0,0,CE10_chr5_19306136(1)
CE10_chr1,1,CE10_chr1_6053554,6053554,0.029,0,0,0,0,0,0,NONE
CE10_chr6,1,CE10_chr6_41959171,41959171,0.0295,0,0,0,0,0,0,NONE
CE10_chr8,1,CE10_chr8_40641852,40641852,0.03,11,11,0,0,0,0,"CE10_chr8_40458258(1),CE10_chr8_40461770(1),CE10_chr8_40631864(1),CE10_chr8_40673879(1),CE10_chr8_40687035(1),CE10_chr8_40783741(1),CE10_chr8_40841069(1),CE10_chr8_40845104(1),CE10_chr8_40850472(1)"
CE10_chr2,1,CE10_chr2_46302711,46302711,0.031,0,0,0,0,0,0,NONE
CE10_chr3,1,CE10_chr3_46261585,46261585,0.031,0,0,0,0,0,0,NONE
CE10_chr2,1,CE10_chr2_49331493,49331493,0.032,5,4,1,0,0,0,"CE10_chr2_49332102(1),CE10_chr2_49333212(1),CE10_chr2_49333421(1),CE10_chr2_49333613(1),CE10_chr2_49335594(1)"
CE10_chr2,1,CE10_chr2_43635894,43635894,0.0325,2,2,0,0,0,0,"CE10_chr2_43533619(1),CE10_chr2_43879572(1)"
CE10_chr2,1,CE10_chr2_19997517,19997517,0.0335,1,0,1,0,0,0,CE10_chr2_19949776(1)
CE10_chr1,1,CE10_chr1_5926184,5926184,0.034,0,0,0,0,0,0,NONE
CE10_chr1,1,CE10_chr1_8460066,8460066,0.035,0,0,0,0,0,0,NONE
CE10_chr2,1,CE10_chr2_18660042,18660042,0.0382,1,0,1,0,0,0,CE10_chr2_18660075(1)
CE10_chr4,1,CE10_chr4_12616768,12616768,0.039,9,9,0,0,0,0,"CE10_chr4_12597696(1),CE10_chr4_12625851(1),CE10_chr4_12633066(1),CE10_chr4_12635142(1),CE10_chr4_12636392(1),CE10_chr4_12642613(1),CE10_chr4_12644233(1),CE10_chr4_12673632(1),CE10_chr4_12673703(1)"
CE10_chr1,1,CE10_chr1_3689598,3689598,0.0395,1,1,0,0,0,0,CE10_chr1_3689581(1)
CE10_chr6,1,CE10_chr6_61154563,61154563,0.0415,0,0,0,0,0,0,NONE
CE10_chr8,1,CE10_chr8_362613,362613,0.042,2,2,0,0,0,0,"CE10_chr8_362630(1),CE10_chr8_362845(1)"
CE10_chr8,1,CE10_chr8_861717,861717,0.0425,2,2,0,0,0,0,CE10_chr8_858135(1)
CE10_chr2,1,CE10_chr2_24496214,24496214,0.043,5,5,0,0,0,0,"CE10_chr2_24269033(1),CE10_chr2_24420462(1),CE10_chr2_24473071(1),CE10_chr2_24511062(1),CE10_chr2_24511075(1)"
CE10_chr2,1,CE10_chr2_4014819,4014819,0.0435,2,2,0,0,0,0,"CE10_chr2_4014679(1),CE10_chr2_4017416(1)"
CE10_chr2,1,CE10_chr2_17358088,17358088,0.044,3,3,0,0,0,0,"CE10_chr2_17157500(1),CE10_chr2_17354635(1),CE10_chr2_17447924(1)"
CE10_chr3,1,CE10_chr3_48962147,48962147,0.0445,0,0,0,0,0,0,NONE
CE10_chr1,1,CE10_chr1_5335468,5335468,0.045,2,2,0,0,0,0,"CE10_chr1_5334958(1),CE10_chr1_5335804(1)"
CE10_chr8,1,CE10_chr8_4113597,4113597,0.0455,0,0,0,0,0,0,NONE
CE10_chr3,1,CE10_chr3_47913157,47913157,0.046,0,0,0,0,0,0,NONE
CE10_chr4,1,CE10_chr4_8520978,8520978,0.0465,3,3,0,0,0,0,"CE10_chr4_8525662(1),CE10_chr4_8525690(1),CE10_chr4_8534109(1)"
CE10_chr4,1,CE10_chr4_42604852,42604852,0.048,0,0,0,0,0,0,NONE
CE10_chr4,1,CE10_chr4_8309516,8309516,0.0485,1,1,0,0,0,0,CE10_chr4_8397013(1)
CE10_chr2,1,CE10_chr2_10987469,10987469,0.049,2,2,0,0,0,0,"CE10_chr2_10986724(1),CE10_chr2_11003143(1)"
CE10_chr6,1,CE10_chr6_51244351,51244351,0.0495,2,2,0,0,0,0,"CE10_chr6_51243004(1),CE10_chr6_51244083(1)"
CE10_chr6,1,CE10_chr6_2668325,2668325,0.05,0,0,0,0,0,0,NONE
CE10_chr8,1,CE10_chr8_22714599,22714599,0.0505,0,0,0,0,0,0,NONE
CE10_chr2,1,CE10_chr2_45198148,45198148,0.052,1,1,0,0,0,0,CE10_chr2_45367121(1)
CE10_chr5,1,CE10_chr5_14023298,14023298,0.052,3,3,0,0,0,0,"CE10_chr5_13967501(1),CE10_chr5_13978916(1)"
CE10_chr5,1,CE10_chr5_31457658,31457658,0.052,2,2,0,0,0,0,"CE10_chr5_31395949(1),CE10_chr5_31542101(1)"
CE10_chr6,1,CE10_chr6_30286029,30286029,0.052,0,0,0,0,0,0,NONE
CE10_chr6,1,CE10_chr6_43532785,43532785,0.052,1,1,0,0,0,0,CE10_chr6_43518052(1)
CE10_chr1,1,CE10_chr1_6054357,6054357,0.057,0,0,0,0,0,0,NONE
CE10_chr2,1,CE10_chr2_25495878,25495878,0.057,1,1,0,0,0,0,NONE
CE10_chr2,1,CE10_chr2_25529919,25529919,0.057,3,3,0,0,0,0,"CE10_chr2_25359634(1),CE10_chr2_25368656(1),CE10_chr2_25568937(1)"
CE10_chr2,1,CE10_chr2_30504120,30504120,0.057,0,0,0,0,0,0,NONE
CE10_chr2,1,CE10_chr2_33681445,33681445,0.057,3,3,0,0,0,0,"CE10_chr2_33516133(1),CE10_chr2_33590567(1),CE10_chr2_33725902(1)"
CE10_chr2,1,CE10_chr2_41222808,41222808,0.057,4,4,0,0,0,0,"CE10_chr2_41222607(1),CE10_chr2_41222897(1),CE10_chr2_41223345(1)"
CE10_chr2,1,CE10_chr2_51183868,51183868,0.057,0,0,0,0,0,0,NONE
CE10_chr2,1,CE10_chr2_51517014,51517014,0.057,0,0,0,0,0,0,NONE
CE10_chr3,1,CE10_chr3_45893825,45893825,0.057,0,0,0,0,0,0,NONE
CE10_chr3,1,CE10_chr3_49682148,49682148,0.057,0,0,0,0,0,0,NONE
CE10_chr8,1,CE10_chr8_2886385,2886385,0.057,1,1,0,0,0,0,CE10_chr8_2886850(1)
CE10_chr8,1,CE10_chr8_5302614,5302614,0.057,0,0,0,0,0,0,NONE
CE10_chr8,1,CE10_chr8_11908893,11908893,0.057,0,0,0,0,0,0,NONE
CE10_chr8,1,CE10_chr8_48405967,48405967,0.057,0,0,0,0,0,0,NONE
CE10_chr6,1,CE10_chr6_27046538,27046538,0.061,2,2,0,0,0,0,CE10_chr6_26982814(1)
CE10_chr8,1,CE10_chr8_41011365,41011365,0.0615,9,9,0,0,0,0,"CE10_chr8_40923799(1),CE10_chr8_40930112(1),CE10_chr8_40975266(1),CE10_chr8_41041881(1),CE10_chr8_41078569(1),CE10_chr8_41089393(1),CE10_chr8_41134893(1),CE10_chr8_41134909(1),CE10_chr8_41221969(1)"
CE10_chr3,1,CE10_chr3_24241506,24241506,0.062,2,2,0,0,0,0,NONE
CE10_chr2,1,CE10_chr2_2737018,2737018,0.064,0,0,0,0,0,0,NONE
CE10_chr2,1,CE10_chr2_15739661,15739661,0.064,1,1,0,0,0,0,CE10_chr2_15723778(1)
CE10_chr2,1,CE10_chr2_30583566,30583566,0.064,1,1,0,0,0,0,CE10_chr2_30664755(1)
CE10_chr2,1,CE10_chr2_38845480,38845480,0.064,13,13,0,0,0,0,"CE10_chr2_38758292(1),CE10_chr2_38794253(1),CE10_chr2_38807235(1),CE10_chr2_38821384(1),CE10_chr2_38842760(1),CE10_chr2_38843227(1),CE10_chr2_38845251(1),CE10_chr2_38924394(1),CE10_chr2_38941301(1),CE10_chr2_38952287(1),CE10_chr2_38954051(1),CE10_chr2_38957632(1),CE10_chr2_39073116(1)"
CE10_chr3,1,CE10_chr3_49422790,49422790,0.064,0,0,0,0,0,0,NONE
CE10_chr2,1,CE10_chr2_14668115,14668115,0.066,17,17,0,0,0,0,"CE10_chr2_14610513(1),CE10_chr2_14617045(1),CE10_chr2_14628436(1),CE10_chr2_14635179(1),CE10_chr2_14690726(1),CE10_chr2_14690760(1),CE10_chr2_14761157(1),CE10_chr2_14777849(1),CE10_chr2_14808404(1),CE10_chr2_14810574(1),CE10_chr2_14847859(1),CE10_chr2_14848055(1),CE10_chr2_14858113(1),CE10_chr2_14866796(1),CE10_chr2_14896786(1),CE10_chr2_14899624(1),CE10_chr2_14900405(1)"
CE10_chr2,1,CE10_chr2_39429387,39429387,0.0668,0,0,0,0,0,0,NONE
CE10_chr2,1,CE10_chr2_42400383,42400383,0.0668,0,0,0,0,0,0,NONE
CE10_chr2,1,CE10_chr2_51706743,51706743,0.0675,0,0,0,0,0,0,NONE
CE10_chr5,1,CE10_chr5_22258453,22258453,0.068,3,3,0,0,0,0,"CE10_chr5_22307182(1),CE10_chr5_22368722(1)"
CE10_chr2,1,CE10_chr2_31141526,31141526,0.0685,2,2,0,0,0,0,"CE10_chr2_30897842(1),CE10_chr2_31088576(1)"
CE10_chr4,1,CE10_chr4_2852070,2852070,0.069,0,0,0,0,0,0,NONE
CE10_chr6,1,CE10_chr6_50625726,50625726,0.0695,0,0,0,0,0,0,NONE
CE10_chr5,1,CE10_chr5_4768230,4768230,0.0702,0,0,0,0,0,0,NONE
CE10_chr5,1,CE10_chr5_6968873,6968873,0.0715,2,2,0,0,0,0,"CE10_chr5_6957181(1),CE10_chr5_6969478(1)"
CE10_chr7,1,CE10_chr7_6246983,6246983,0.0715,0,0,0,0,0,0,NONE
CE10_chr8,1,CE10_chr8_11215699,11215699,0.0715,5,5,0,0,0,0,"CE10_chr8_11215874(1),CE10_chr8_11217227(1),CE10_chr8_11217258(1),CE10_chr8_11219073(1)"
CE10_chr2,1,CE10_chr2_41498787,41498787,0.0728,2,2,0,0,0,0,"CE10_chr2_41502223(1),CE10_chr2_41504622(1)"
CE10_chr5,1,CE10_chr5_32841786,32841786,0.0728,0,0,0,0,0,0,NONE
CE10_chr2,1,CE10_chr2_43756626,43756626,0.0735,0,0,0,0,0,0,NONE
CE10_chr2,1,CE10_chr2_45969205,45969205,0.074,1,1,0,0,0,0,CE10_chr2_46018044(1)
CE10_chr6,1,CE10_chr6_41420629,41420629,0.0745,0,0,0,0,0,0,NONE
CE10_chr5,1,CE10_chr5_5324366,5324366,0.075,1,1,0,0,0,0,CE10_chr5_5324183(1)
CE10_chr4,1,CE10_chr4_37088676,37088676,0.0755,0,0,0,0,0,0,NONE
CE10_chr2,1,CE10_chr2_27161809,27161809,0.076,1,1,0,0,0,0,CE10_chr2_27136496(1)
CE10_chr8,1,CE10_chr8_37104467,37104467,0.0765,1,1,0,0,0,0,CE10_chr8_37108452(1)
CE10_chr2,1,CE10_chr2_44181450,44181450,0.077,12,12,0,0,0,0,"CE10_chr2_43970289(1),CE10_chr2_44075414(1),CE10_chr2_44094930(1),CE10_chr2_44133575(1),CE10_chr2_44167581(1),CE10_chr2_44173401(1),CE10_chr2_44180821(1),CE10_chr2_44186608(1),CE10_chr2_44189958(1),CE10_chr2_44196072(1),CE10_chr2_44196462(1),CE10_chr2_44196551(1)"
CE10_chr3,1,CE10_chr3_48871871,48871871,0.0775,0,0,0,0,0,0,NONE
CE10_chr2,1,CE10_chr2_34628921,34628921,0.078,1,1,0,0,0,0,CE10_chr2_34628934(1)
CE10_chr4,1,CE10_chr4_46810747,46810747,0.0785,0,0,0,0,0,0,NONE
CE10_chr8,1,CE10_chr8_363067,363067,0.0795,0,0,0,0,0,0,NONE
CE10_chr2,1,CE10_chr2_47701768,47701768,0.08,1,1,0,0,0,0,CE10_chr2_47697345(1)
CE10_chr2,1,CE10_chr2_40988229,40988229,0.0805,0,0,0,0,0,0,NONE
CE10_chr2,1,CE10_chr2_26578253,26578253,0.081,3,3,0,0,0,0,"CE10_chr2_26684123(1),CE10_chr2_26698668(1),CE10_chr2_26780954(1)"
CE10_chr4,1,CE10_chr4_8634288,8634288,0.0815,0,0,0,0,0,0,NONE
CE10_chr8,1,CE10_chr8_44722627,44722627,0.082,0,0,0,0,0,0,NONE
CE10_chr8,1,CE10_chr8_40114122,40114122,0.0825,0,0,0,0,0,0,NONE
CE10_chr1,1,CE10_chr1_8303411,8303411,0.0838,0,0,0,0,0,0,NONE
CE10_chr1,1,CE10_chr1_45663928,45663928,0.0838,4,4,0,0,0,0,"CE10_chr1_45663143(1),CE10_chr1_45664055(1),CE10_chr1_45665365(1),CE10_chr1_45665583(1)"
CE10_chr3,1,CE10_chr3_2882426,2882426,0.0838,0,0,0,0,0,0,NONE
CE10_chr3,1,CE10_chr3_2882473,2882473,0.0838,0,0,0,0,0,0,NONE
CE10_chr2,1,CE10_chr2_51421064,51421064,0.0855,0,0,0,0,0,0,NONE
CE10_chr4,1,CE10_chr4_2597802,2597802,0.0855,7,7,0,0,0,0,"CE10_chr4_2597118(1),CE10_chr4_2597285(1),CE10_chr4_2597383(1),CE10_chr4_2597414(1),CE10_chr4_2597489(1),CE10_chr4_2597522(1)"
CE10_chr8,1,CE10_chr8_5424502,5424502,0.0855,1,1,0,0,0,0,CE10_chr8_5424383(1)
CE10_chr6,1,CE10_chr6_1508951,1508951,0.0865,0,0,0,0,0,0,NONE
CE10_chr2,1,CE10_chr2_53025998,53025998,0.0878,1,1,0,0,0,0,CE10_chr2_53027187(1)
CE10_chr1,1,CE10_chr1_5609849,5609849,0.089,0,0,0,0,0,0,NONE
CE10_chr6,1,CE10_chr6_32843683,32843683,0.089,1,1,0,0,0,0,CE10_chr6_33014962(1)
CE10_chr8,1,CE10_chr8_1661912,1661912,0.089,0,0,0,0,0,0,NONE
CE10_chr4,1,CE10_chr4_46113106,46113106,0.09,0,0,0,0,0,0,NONE
CE10_chr1,1,CE10_chr1_431724,431724,0.0908,0,0,0,0,0,0,NONE
CE10_chr2,1,CE10_chr2_35221408,35221408,0.0908,0,0,0,0,0,0,NONE
CE10_chr8,1,CE10_chr8_10353161,10353161,0.092,0,0,0,0,0,0,NONE
CE10_chr2,1,CE10_chr2_23835865,23835865,0.0925,5,5,0,0,0,0,"CE10_chr2_23824054(1),CE10_chr2_23829236(1),CE10_chr2_23830613(1),CE10_chr2_23832508(1)"
CE10_chr1,1,CE10_chr1_42253988,42253988,0.093,0,0,0,0,0,0,NONE
CE10_chr2,1,CE10_chr2_37484305,37484305,0.0958,16,16,0,0,0,0,"CE10_chr2_37237589(1),CE10_chr2_37312006(1),CE10_chr2_37312036(1),CE10_chr2_37312099(1),CE10_chr2_37324999(1),CE10_chr2_37325027(1),CE10_chr2_37345325(1),CE10_chr2_37349550(1),CE10_chr2_37360353(1),CE10_chr2_37377153(1),CE10_chr2_37490747(1),CE10_chr2_37569276(1),CE10_chr2_37624354(1),CE10_chr2_37655284(1),CE10_chr2_37666229(1),CE10_chr2_37706417(1)"
CE10_chr2,1,CE10_chr2_37999328,37999328,0.0958,19,19,0,0,0,0,"CE10_chr2_37755638(1),CE10_chr2_37785699(1),CE10_chr2_37785716(1),CE10_chr2_37805930(1),CE10_chr2_37815571(1),CE10_chr2_37835285(1),CE10_chr2_37859064(1),CE10_chr2_37859088(1),CE10_chr2_37866748(1),CE10_chr2_37994568(1),CE10_chr2_38024294(1),CE10_chr2_38057845(1),CE10_chr2_38058040(1),CE10_chr2_38077714(1),CE10_chr2_38078289(1),CE10_chr2_38079047(1),CE10_chr2_38080608(1),CE10_chr2_38080707(1),CE10_chr2_38092635(1)"
CE10_chr6,1,CE10_chr6_325789,325789,0.0958,0,0,0,0,0,0,NONE
CE10_chr2,1,CE10_chr2_14251580,14251580,0.0988,1,1,0,0,0,0,CE10_chr2_14250129(1)
CE10_chr5,1,CE10_chr5_20428038,20428038,0.0988,2,2,0,0,0,0,CE10_chr5_20406681(1)
CE10_chr3,1,CE10_chr3_16431858,16431858,0.0998,0,0,0,0,0,0,NONE
CE10_chr6,1,CE10_chr6_16988569,16988569,0.0998,4,4,0,0,0,0,"CE10_chr6_16897651(1),CE10_chr6_16925460(1),CE10_chr6_16983995(1),CE10_chr6_16984013(1)"
CE10_chr5,1,CE10_chr5_27986924,27986924,0.1,0,0,0,0,0,0,NONE
CE10_chr7,1,CE10_chr7_11862470,11862470,0.101,0,0,0,0,0,0,NONE
CE10_chr3,1,CE10_chr3_2810674,2810674,0.102,0,0,0,0,0,0,NONE
CE10_chr2,1,CE10_chr2_46103059,46103059,0.102,1,1,0,0,0,0,CE10_chr2_46314452(1)
CE10_chr6,1,CE10_chr6_11319694,11319694,0.102,0,0,0,0,0,0,NONE
CE10_chr1,1,CE10_chr1_1613102,1613102,0.103,0,0,0,0,0,0,NONE
CE10_chr7,1,CE10_chr7_6371123,6371123,0.104,0,0,0,0,0,0,NONE
CE10_chr8,1,CE10_chr8_13231490,13231490,0.104,3,3,0,0,0,0,"CE10_chr8_13206199(1),CE10_chr8_13212857(1)"
CE10_chr8,1,CE10_chr8_6274389,6274389,0.104,0,0,0,0,0,0,NONE
CE10_chr7,1,CE10_chr7_5744629,5744629,0.105,0,0,0,0,0,0,NONE
CE10_chr1,1,CE10_chr1_45290794,45290794,0.106,0,0,0,0,0,0,NONE
CE10_chr8,1,CE10_chr8_7854956,7854956,0.106,0,0,0,0,0,0,NONE
CE10_chr2,1,CE10_chr2_44723751,44723751,0.107,0,0,0,0,0,0,NONE
CE10_chr1,1,CE10_chr1_45772313,45772313,0.108,0,0,0,0,0,0,NONE
CE10_chr1,1,CE10_chr1_4734746,4734746,0.109,0,0,0,0,0,0,NONE
CE10_chr5,1,CE10_chr5_51421634,51421634,0.109,4,4,0,0,0,0,"CE10_chr5_51421597(1),CE10_chr5_51421616(1),CE10_chr5_51421711(1),CE10_chr5_51422615(1)"
CE10_chr7,1,CE10_chr7_45862323,45862323,0.109,0,0,0,0,0,0,NONE
CE10_chr2,1,CE10_chr2_41506048,41506048,0.11,4,4,0,0,0,0,"CE10_chr2_41509525(1),CE10_chr2_41668380(1)"
CE10_chr2,1,CE10_chr2_44528905,44528905,0.111,0,0,0,0,0,0,NONE
CE10_chr2,1,CE10_chr2_18381077,18381077,0.112,3,3,0,0,0,0,CE10_chr2_18319062(1)
CE10_chr8,1,CE10_chr8_41343969,41343969,0.112,3,3,0,0,0,0,"CE10_chr8_41277077(1),CE10_chr8_41297418(1),CE10_chr8_41336110(1)"
CE10_chr2,1,CE10_chr2_37851325,37851325,0.112,1,1,0,0,0,0,CE10_chr2_37650722(1)
CE10_chr4,1,CE10_chr4_8395880,8395880,0.113,7,7,0,0,0,0,"CE10_chr4_8393202(1),CE10_chr4_8394439(1),CE10_chr4_8396822(1),CE10_chr4_8397124(1),CE10_chr4_8401707(1),CE10_chr4_8406918(1),CE10_chr4_8422840(1)"
CE10_chr8,1,CE10_chr8_356911,356911,0.114,0,0,0,0,0,0,NONE
CE10_chr2,1,CE10_chr2_46192985,46192985,0.114,0,0,0,0,0,0,NONE
CE10_chr1,1,CE10_chr1_7985175,7985175,0.115,1,1,0,0,0,0,CE10_chr1_7923986(1)
CE10_chr7,1,CE10_chr7_4867497,4867497,0.116,0,0,0,0,0,0,NONE
CE10_chr7,1,CE10_chr7_37160009,37160009,0.116,0,0,0,0,0,0,NONE
CE10_chr1,1,CE10_chr1_43290824,43290824,0.117,2,2,0,0,0,0,NONE
CE10_chr4,1,CE10_chr4_8823892,8823892,0.118,0,0,0,0,0,0,NONE
CE10_chr6,1,CE10_chr6_54435294,54435294,0.118,2,2,0,0,0,0,"CE10_chr6_54435260(1),CE10_chr6_54451399(1)"
CE10_chr2,1,CE10_chr2_11550445,11550445,0.119,1,1,0,0,0,0,CE10_chr2_11550484(1)
CE10_chr7,1,CE10_chr7_14269668,14269668,0.12,0,0,0,0,0,0,NONE
CE10_chr2,1,CE10_chr2_47007307,47007307,0.12,0,0,0,0,0,0,NONE
CE10_chr7,1,CE10_chr7_12952527,12952527,0.121,0,0,0,0,0,0,NONE
CE10_chr3,1,CE10_chr3_1350312,1350312,0.122,0,0,0,0,0,0,NONE
CE10_chr2,1,CE10_chr2_48491520,48491520,0.122,0,0,0,0,0,0,NONE
CE10_chr2,1,CE10_chr2_46106542,46106542,0.122,0,0,0,0,0,0,NONE
CE10_chr1,1,CE10_chr1_45631176,45631176,0.124,0,0,0,0,0,0,NONE
CE10_chr3,1,CE10_chr3_47160792,47160792,0.125,0,0,0,0,0,0,NONE
CE10_chr8,1,CE10_chr8_5469872,5469872,0.126,0,0,0,0,0,0,NONE
CE10_chr6,1,CE10_chr6_9470727,9470727,0.126,0,0,0,0,0,0,NONE
CE10_chr4,1,CE10_chr4_1172624,1172624,0.126,0,0,0,0,0,0,NONE
CE10_chr2,1,CE10_chr2_53165039,53165039,0.127,0,0,0,0,0,0,NONE
CE10_chr7,1,CE10_chr7_37161502,37161502,0.128,0,0,0,0,0,0,NONE
CE10_chr2,1,CE10_chr2_38191095,38191095,0.128,2,2,0,0,0,0,"CE10_chr2_38257287(1),CE10_chr2_38257712(1)"
CE10_chr2,1,CE10_chr2_18320088,18320088,0.129,0,0,0,0,0,0,NONE
CE10_chr3,1,CE10_chr3_2629539,2629539,0.13,0,0,0,0,0,0,NONE
CE10_chr7,1,CE10_chr7_759391,759391,0.13,0,0,0,0,0,0,NONE
CE10_chr2,1,CE10_chr2_27450527,27450527,0.131,0,0,0,0,0,0,NONE
CE10_chr6,1,CE10_chr6_54045917,54045917,0.132,1,1,0,0,0,0,CE10_chr6_54045313(1)
CE10_chr4,1,CE10_chr4_8551881,8551881,0.132,4,4,0,0,0,0,"CE10_chr4_8547818(1),CE10_chr4_8551137(1),CE10_chr4_8553120(1),CE10_chr4_8555547(1)"
CE10_chr3,1,CE10_chr3_24519082,24519082,0.132,2,2,0,0,0,0,"CE10_chr3_24543979(1),CE10_chr3_24759285(1)"
CE10_chr5,1,CE10_chr5_40158569,40158569,0.133,0,0,0,0,0,0,NONE
CE10_chr7,1,CE10_chr7_7126497,7126497,0.134,0,0,0,0,0,0,NONE
CE10_chr4,1,CE10_chr4_3390602,3390602,0.134,0,0,0,0,0,0,NONE
CE10_chr3,1,CE10_chr3_2465653,2465653,0.136,0,0,0,0,0,0,NONE
CE10_chr8,1,CE10_chr8_4631246,4631246,0.136,0,0,0,0,0,0,NONE
CE10_chr5,1,CE10_chr5_1821259,1821259,0.137,1,1,0,0,0,0,CE10_chr5_1950277(1)
CE10_chr3,1,CE10_chr3_3262155,3262155,0.139,2,2,0,0,0,0,"CE10_chr3_3261864(1),CE10_chr3_3262055(1)"
CE10_chr3,1,CE10_chr3_41072218,41072218,0.139,2,2,0,0,0,0,"CE10_chr3_41052886(1),CE10_chr3_41078304(1)"
CE10_chr6,1,CE10_chr6_181137,181137,0.139,2,2,0,0,0,0,CE10_chr6_9576(1)
CE10_chr6,1,CE10_chr6_499078,499078,0.139,0,0,0,0,0,0,NONE
CE10_chr6,1,CE10_chr6_54034560,54034560,0.139,1,1,0,0,0,0,CE10_chr6_54036915(1)
CE10_chr6,1,CE10_chr6_10636295,10636295,0.141,1,1,0,0,0,0,CE10_chr6_10648075(1)
CE10_chr2,1,CE10_chr2_43481254,43481254,0.142,0,0,0,0,0,0,NONE
CE10_chr8,1,CE10_chr8_9041139,9041139,0.143,0,0,0,0,0,0,NONE
CE10_chr4,1,CE10_chr4_2599194,2599194,0.144,0,0,0,0,0,0,NONE
CE10_chr6,1,CE10_chr6_824160,824160,0.144,0,0,0,0,0,0,NONE
CE10_chr2,1,CE10_chr2_12616157,12616157,0.144,1,1,0,0,0,0,NONE
CE10_chr7,1,CE10_chr7_2838258,2838258,0.145,0,0,0,0,0,0,NONE
CE10_chr6,1,CE10_chr6_160716,160716,0.146,1,1,0,0,0,0,CE10_chr6_160278(1)
CE10_chr4,1,CE10_chr4_8428859,8428859,0.148,0,0,0,0,0,0,NONE
CE10_chr6,1,CE10_chr6_1947790,1947790,0.148,1,1,0,0,0,0,CE10_chr6_1984189(1)
CE10_chr6,1,CE10_chr6_35943492,35943492,0.148,0,0,0,0,0,0,NONE
CE10_chr6,1,CE10_chr6_55735432,55735432,0.149,0,0,0,0,0,0,NONE
CE10_chr3,1,CE10_chr3_5143119,5143119,0.15,0,0,0,0,0,0,NONE
CE10_chr7,1,CE10_chr7_36933071,36933071,0.15,2,2,0,0,0,0,"CE10_chr7_36938127(1),CE10_chr7_36952394(1)"
CE10_chr2,1,CE10_chr2_13858688,13858688,0.151,2,2,0,0,0,0,"CE10_chr2_13786564(1),CE10_chr2_13842580(1)"
CE10_chr6,1,CE10_chr6_6344495,6344495,0.152,0,0,0,0,0,0,NONE
CE10_chr2,1,CE10_chr2_2554994,2554994,0.152,0,0,0,0,0,0,NONE
CE10_chr5,1,CE10_chr5_13288357,13288357,0.152,2,2,0,0,0,0,"CE10_chr5_13144076(1),CE10_chr5_13258654(1)"
CE10_chr6,1,CE10_chr6_344451,344451,0.153,0,0,0,0,0,0,NONE
CE10_chr8,1,CE10_chr8_5611623,5611623,0.154,0,0,0,0,0,0,NONE
CE10_chr8,1,CE10_chr8_2246099,2246099,0.154,0,0,0,0,0,0,NONE
CE10_chr6,1,CE10_chr6_38606843,38606843,0.155,1,1,0,0,0,0,NONE
CE10_chr8,1,CE10_chr8_13676678,13676678,0.155,0,0,0,0,0,0,NONE
CE10_chr5,1,CE10_chr5_21190231,21190231,0.156,0,0,0,0,0,0,NONE
CE10_chr3,1,CE10_chr3_4122547,4122547,0.157,0,0,0,0,0,0,NONE
CE10_chr4,1,CE10_chr4_1019519,1019519,0.158,0,0,0,0,0,0,NONE
CE10_chr8,1,CE10_chr8_6751016,6751016,0.16,0,0,0,0,0,0,NONE
CE10_chr1,1,CE10_chr1_1011004,1011004,0.16,0,0,0,0,0,0,NONE
CE10_chr6,1,CE10_chr6_8957098,8957098,0.161,0,0,0,0,0,0,NONE
CE10_chr1,1,CE10_chr1_2235140,2235140,0.162,1,1,0,0,0,0,CE10_chr1_2235158(1)
CE10_chr2,1,CE10_chr2_16569163,16569163,0.163,0,0,0,0,0,0,NONE
CE10_chr1,1,CE10_chr1_3937185,3937185,0.164,0,0,0,0,0,0,NONE
CE10_chr2,1,CE10_chr2_45409797,45409797,0.165,0,0,0,0,0,0,NONE
CE10_chr8,1,CE10_chr8_5297015,5297015,0.165,0,0,0,0,0,0,NONE
CE10_chr8,1,CE10_chr8_39965863,39965863,0.165,0,0,0,0,0,0,NONE
CE10_chr8,1,CE10_chr8_4523204,4523204,0.166,0,0,0,0,0,0,NONE
CE10_chr5,1,CE10_chr5_48114318,48114318,0.166,2,2,0,0,0,0,"CE10_chr5_48122920(1),CE10_chr5_48125283(1)"
CE10_chr7,1,CE10_chr7_5894145,5894145,0.167,0,0,0,0,0,0,NONE
CE10_chr3,1,CE10_chr3_3430391,3430391,0.168,0,0,0,0,0,0,NONE
CE10_chr7,1,CE10_chr7_2158383,2158383,0.168,0,0,0,0,0,0,NONE
CE10_chr5,1,CE10_chr5_48015955,48015955,0.168,0,0,0,0,0,0,NONE
CE10_chr1,1,CE10_chr1_1737353,1737353,0.169,0,0,0,0,0,0,NONE
CE10_chr4,1,CE10_chr4_11161426,11161426,0.17,3,3,0,0,0,0,"CE10_chr4_10926707(1),CE10_chr4_10945432(1),CE10_chr4_10945636(1)"
CE10_chr1,1,CE10_chr1_1602517,1602517,0.17,0,0,0,0,0,0,NONE
CE10_chr3,1,CE10_chr3_2854261,2854261,0.17,0,0,0,0,0,0,NONE
CE10_chr2,1,CE10_chr2_9764069,9764069,0.171,0,0,0,0,0,0,NONE
CE10_chr2,1,CE10_chr2_14241124,14241124,0.172,0,0,0,0,0,0,NONE
CE10_chr2,1,CE10_chr2_7951076,7951076,0.172,0,0,0,0,0,0,NONE
CE10_chr2,1,CE10_chr2_44074552,44074552,0.172,0,0,0,0,0,0,NONE
CE10_chr2,1,CE10_chr2_43735043,43735043,0.173,1,1,0,0,0,0,CE10_chr2_43732893(1)
CE10_chr5,1,CE10_chr5_2374418,2374418,0.174,0,0,0,0,0,0,NONE
CE10_chr1,1,CE10_chr1_44269532,44269532,0.174,0,0,0,0,0,0,NONE
CE10_chr2,1,CE10_chr2_43227193,43227193,0.175,0,0,0,0,0,0,NONE
CE10_chr4,1,CE10_chr4_30209441,30209441,0.176,0,0,0,0,0,0,NONE
CE10_chr3,1,CE10_chr3_48620698,48620698,0.176,0,0,0,0,0,0,NONE
CE10_chr2,1,CE10_chr2_22742579,22742579,0.178,1,1,0,0,0,0,CE10_chr2_22987122(1)
CE10_chr3,1,CE10_chr3_23530472,23530472,0.179,0,0,0,0,0,0,NONE
CE10_chr2,1,CE10_chr2_5883424,5883424,0.18,0,0,0,0,0,0,NONE
CE10_chr3,1,CE10_chr3_21020952,21020952,0.18,1,1,0,0,0,0,CE10_chr3_21140317(1)
CE10_chr3,1,CE10_chr3_46497962,46497962,0.18,0,0,0,0,0,0,NONE
CE10_chr8,1,CE10_chr8_21594109,21594109,0.181,0,0,0,0,0,0,NONE
CE10_chr8,1,CE10_chr8_40008091,40008091,0.182,1,1,0,0,0,0,CE10_chr8_40009379(1)
CE10_chr3,1,CE10_chr3_3423388,3423388,0.182,0,0,0,0,0,0,NONE
CE10_chr3,1,CE10_chr3_46815944,46815944,0.183,0,0,0,0,0,0,NONE
CE10_chr5,1,CE10_chr5_25901334,25901334,0.184,5,5,0,0,0,0,"CE10_chr5_25734882(1),CE10_chr5_25783013(1),CE10_chr5_26121455(1),CE10_chr5_26147445(1)"
CE10_chr2,1,CE10_chr2_51454675,51454675,0.184,0,0,0,0,0,0,NONE
CE10_chr2,1,CE10_chr2_51819846,51819846,0.186,0,0,0,0,0,0,NONE
CE10_chr7,1,CE10_chr7_2940031,2940031,0.187,0,0,0,0,0,0,NONE
CE10_chr5,1,CE10_chr5_7633358,7633358,0.188,0,0,0,0,0,0,NONE
CE10_chr6,1,CE10_chr6_9152771,9152771,0.188,0,0,0,0,0,0,NONE
CE10_chr8,1,CE10_chr8_40169021,40169021,0.189,0,0,0,0,0,0,NONE
CE10_chr2,1,CE10_chr2_11699092,11699092,0.19,0,0,0,0,0,0,NONE
CE10_chr8,1,CE10_chr8_13604472,13604472,0.19,0,0,0,0,0,0,NONE
CE10_chr2,1,CE10_chr2_22041414,22041414,0.19,1,1,0,0,0,0,CE10_chr2_21963468(1)
CE10_chr5,1,CE10_chr5_48679777,48679777,0.192,0,0,0,0,0,0,NONE
CE10_chr8,1,CE10_chr8_47502381,47502381,0.192,0,0,0,0,0,0,NONE
CE10_chr2,1,CE10_chr2_8821296,8821296,0.196,1,1,0,0,0,0,CE10_chr2_8822980(1)
CE10_chr2,1,CE10_chr2_51930895,51930895,0.196,1,1,0,0,0,0,CE10_chr2_51932397(1)
CE10_chr4,1,CE10_chr4_11534079,11534079,0.196,4,4,0,0,0,0,"CE10_chr4_11495200(1),CE10_chr4_11508304(1),CE10_chr4_11732936(1),CE10_chr4_11747327(1)"
CE10_chr4,1,CE10_chr4_48352864,48352864,0.196,0,0,0,0,0,0,NONE
CE10_chr4,1,CE10_chr4_33815352,33815352,0.201,0,0,0,0,0,0,NONE
CE10_chr4,1,CE10_chr4_40886296,40886296,0.201,1,1,0,0,0,0,CE10_chr4_40885475(1)
CE10_chr2,1,CE10_chr2_23987095,23987095,0.202,1,1,0,0,0,0,CE10_chr2_24191471(1)
CE10_chr7,1,CE10_chr7_7933305,7933305,0.202,0,0,0,0,0,0,NONE
CE10_chr1,1,CE10_chr1_40301276,40301276,0.204,0,0,0,0,0,0,NONE
CE10_chr2,1,CE10_chr2_31627210,31627210,0.206,0,0,0,0,0,0,NONE
CE10_chr7,1,CE10_chr7_45715750,45715750,0.207,0,0,0,0,0,0,NONE
CE10_chr6,1,CE10_chr6_8374371,8374371,0.208,1,1,0,0,0,0,CE10_chr6_8391305(1)
CE10_chr1,1,CE10_chr1_4694117,4694117,0.208,0,0,0,0,0,0,NONE
CE10_chr1,1,CE10_chr1_44268883,44268883,0.21,0,0,0,0,0,0,NONE
CE10_chr2,1,CE10_chr2_39156081,39156081,0.21,0,0,0,0,0,0,NONE
CE10_chr2,1,CE10_chr2_42690580,42690580,0.21,0,0,0,0,0,0,NONE
CE10_chr2,1,CE10_chr2_43037135,43037135,0.21,1,1,0,0,0,0,NONE
CE10_chr5,1,CE10_chr5_16060491,16060491,0.21,1,1,0,0,0,0,NONE
CE10_chr6,1,CE10_chr6_33221127,33221127,0.21,0,0,0,0,0,0,NONE
CE10_chr1,1,CE10_chr1_4158039,4158039,0.216,0,0,0,0,0,0,NONE
CE10_chr2,1,CE10_chr2_15378673,15378673,0.216,0,0,0,0,0,0,NONE
CE10_chr2,1,CE10_chr2_15560947,15560947,0.216,1,1,0,0,0,0,NONE
CE10_chr2,1,CE10_chr2_25945142,25945142,0.216,0,0,0,0,0,0,NONE
CE10_chr2,1,CE10_chr2_28273788,28273788,0.216,2,2,0,0,0,0,"CE10_chr2_28390052(1),CE10_chr2_28410328(1)"
CE10_chr2,1,CE10_chr2_29253335,29253335,0.216,0,0,0,0,0,0,NONE
CE10_chr2,1,CE10_chr2_29888587,29888587,0.216,0,0,0,0,0,0,NONE
CE10_chr2,1,CE10_chr2_45747872,45747872,0.216,0,0,0,0,0,0,NONE
CE10_chr3,1,CE10_chr3_49435229,49435229,0.216,2,2,0,0,0,0,"CE10_chr3_49435191(1),CE10_chr3_49435245(1)"
CE10_chr3,1,CE10_chr3_49693809,49693809,0.216,1,1,0,0,0,0,CE10_chr3_49693676(1)
CE10_chr4,1,CE10_chr4_46114106,46114106,0.216,0,0,0,0,0,0,NONE
CE10_chr5,1,CE10_chr5_50816993,50816993,0.216,0,0,0,0,0,0,NONE
CE10_chr7,1,CE10_chr7_6039334,6039334,0.216,0,0,0,0,0,0,NONE
CE10_chr1,1,CE10_chr1_1470283,1470283,0.22,0,0,0,0,0,0,NONE
CE10_chr2,1,CE10_chr2_45737124,45737124,0.22,1,1,0,0,0,0,CE10_chr2_45720530(1)
CE10_chr7,1,CE10_chr7_6091600,6091600,0.22,1,1,0,0,0,0,CE10_chr7_6091470(1)
CE10_chr2,1,CE10_chr2_44575877,44575877,0.222,1,1,0,0,0,0,CE10_chr2_44447223(1)
CE10_chr5,1,CE10_chr5_36354928,36354928,0.222,1,1,0,0,0,0,CE10_chr5_36465710(1)
CE10_chr2,1,CE10_chr2_53218379,53218379,0.224,0,0,0,0,0,0,NONE
CE10_chr6,1,CE10_chr6_57925074,57925074,0.224,0,0,0,0,0,0,NONE
CE10_chr7,1,CE10_chr7_397190,397190,0.224,0,0,0,0,0,0,NONE
CE10_chr6,1,CE10_chr6_6193459,6193459,0.226,0,0,0,0,0,0,NONE
CE10_chr2,1,CE10_chr2_45525279,45525279,0.228,1,1,0,0,0,0,NONE
CE10_chr5,1,CE10_chr5_3296950,3296950,0.229,0,0,0,0,0,0,NONE
CE10_chr7,1,CE10_chr7_1445695,1445695,0.23,0,0,0,0,0,0,NONE
CE10_chr8,1,CE10_chr8_829711,829711,0.23,0,0,0,0,0,0,NONE
CE10_chr1,1,CE10_chr1_44909072,44909072,0.234,0,0,0,0,0,0,NONE
CE10_chr2,1,CE10_chr2_30860423,30860423,0.234,0,0,0,0,0,0,NONE
CE10_chr3,1,CE10_chr3_43173584,43173584,0.234,1,1,0,0,0,0,CE10_chr3_43175455(1)
CE10_chr3,1,CE10_chr3_45894396,45894396,0.234,0,0,0,0,0,0,NONE
CE10_chr3,1,CE10_chr3_46274516,46274516,0.234,0,0,0,0,0,0,NONE
CE10_chr3,1,CE10_chr3_47155769,47155769,0.234,4,4,0,0,0,0,"CE10_chr3_47223546(1),CE10_chr3_47301743(1),CE10_chr3_47364171(1)"
CE10_chr3,1,CE10_chr3_48839002,48839002,0.234,0,0,0,0,0,0,NONE
CE10_chr6,1,CE10_chr6_262633,262633,0.234,0,0,0,0,0,0,NONE
CE10_chr6,1,CE10_chr6_1517172,1517172,0.234,0,0,0,0,0,0,NONE
CE10_chr6,1,CE10_chr6_2696717,2696717,0.234,0,0,0,0,0,0,NONE
CE10_chr8,1,CE10_chr8_30991787,30991787,0.234,0,0,0,0,0,0,NONE
CE10_chr2,1,CE10_chr2_45376310,45376310,0.238,1,1,0,0,0,0,CE10_chr2_45380048(1)
CE10_chr2,1,CE10_chr2_49983002,49983002,0.238,0,0,0,0,0,0,NONE
CE10_chr3,1,CE10_chr3_4205503,4205503,0.238,2,2,0,0,0,0,"CE10_chr3_4200986(1),CE10_chr3_4204150(1)"
CE10_chr2,1,CE10_chr2_11809184,11809184,0.24,2,2,0,0,0,0,"CE10_chr2_11808982(1),CE10_chr2_11819565(1)"
CE10_chr2,1,CE10_chr2_41707796,41707796,0.24,0,0,0,0,0,0,NONE
CE10_chr5,1,CE10_chr5_6519105,6519105,0.242,1,1,0,0,0,0,CE10_chr5_6522532(1)
CE10_chr2,1,CE10_chr2_9153345,9153345,0.242,0,0,0,0,0,0,NONE
CE10_chr2,1,CE10_chr2_41712313,41712313,0.244,3,3,0,0,0,0,"CE10_chr2_41633389(1),CE10_chr2_41708857(1),CE10_chr2_41712546(1)"
CE10_chr2,1,CE10_chr2_42910494,42910494,0.244,1,1,0,0,0,0,CE10_chr2_42894953(1)
CE10_chr4,1,CE10_chr4_39766277,39766277,0.244,1,1,0,0,0,0,NONE
CE10_chr8,1,CE10_chr8_5905502,5905502,0.244,0,0,0,0,0,0,NONE
CE10_chr2,1,CE10_chr2_26656975,26656975,0.247,1,1,0,0,0,0,CE10_chr2_26635096(1)
CE10_chr6,1,CE10_chr6_2885695,2885695,0.247,0,0,0,0,0,0,NONE
CE10_chr4,1,CE10_chr4_39794731,39794731,0.248,2,2,0,0,0,0,"CE10_chr4_39796065(1),CE10_chr4_39799004(1)"
CE10_chr2,1,CE10_chr2_13463043,13463043,0.249,1,1,0,0,0,0,NONE
CE10_chr2,1,CE10_chr2_41648232,41648232,0.25,0,0,0,0,0,0,NONE
CE10_chr1,1,CE10_chr1_4133092,4133092,0.253,0,0,0,0,0,0,NONE
CE10_chr8,1,CE10_chr8_38494224,38494224,0.254,3,3,0,0,0,0,"CE10_chr8_38359125(1),CE10_chr8_38512786(1),CE10_chr8_38719296(1)"
CE10_chr2,1,CE10_chr2_52835886,52835886,0.255,0,0,0,0,0,0,NONE
CE10_chr8,1,CE10_chr8_46518220,46518220,0.256,0,0,0,0,0,0,NONE
CE10_chr8,1,CE10_chr8_10749248,10749248,0.256,0,0,0,0,0,0,NONE
CE10_chr1,1,CE10_chr1_3729369,3729369,0.257,0,0,0,0,0,0,NONE
CE10_chr2,1,CE10_chr2_27951424,27951424,0.257,4,4,0,0,0,0,"CE10_chr2_27783260(1),CE10_chr2_27854614(1),CE10_chr2_27956157(1)"
CE10_chr2,1,CE10_chr2_31440890,31440890,0.257,1,1,0,0,0,0,CE10_chr2_31487874(1)
CE10_chr6,1,CE10_chr6_18400283,18400283,0.258,0,0,0,0,0,0,NONE
CE10_chr1,1,CE10_chr1_3734024,3734024,0.279,0,0,0,0,0,0,NONE
CE10_chr1,1,CE10_chr1_5905837,5905837,0.279,1,1,0,0,0,0,NONE
CE10_chr1,1,CE10_chr1_6062596,6062596,0.279,0,0,0,0,0,0,NONE
CE10_chr1,1,CE10_chr1_20768633,20768633,0.279,0,0,0,0,0,0,NONE
CE10_chr2,1,CE10_chr2_4252241,4252241,0.279,0,0,0,0,0,0,NONE
CE10_chr2,1,CE10_chr2_4308578,4308578,0.279,0,0,0,0,0,0,NONE
CE10_chr2,1,CE10_chr2_7168730,7168730,0.279,0,0,0,0,0,0,NONE
CE10_chr2,1,CE10_chr2_23455706,23455706,0.279,1,1,0,0,0,0,NONE
CE10_chr2,1,CE10_chr2_23917852,23917852,0.279,0,0,0,0,0,0,NONE
CE10_chr2,1,CE10_chr2_28919210,28919210,0.279,2,2,0,0,0,0,"CE10_chr2_28910478(1),CE10_chr2_29071603(1)"
CE10_chr2,1,CE10_chr2_30303789,30303789,0.279,1,1,0,0,0,0,NONE
CE10_chr2,1,CE10_chr2_31970828,31970828,0.279,0,0,0,0,0,0,NONE
CE10_chr2,1,CE10_chr2_32402643,32402643,0.279,2,2,0,0,0,0,"CE10_chr2_32248077(1),CE10_chr2_32437148(1)"
CE10_chr2,1,CE10_chr2_34127202,34127202,0.279,2,2,0,0,0,0,"CE10_chr2_34161605(1),CE10_chr2_34276186(1)"
CE10_chr2,1,CE10_chr2_34712411,34712411,0.279,0,0,0,0,0,0,NONE
CE10_chr2,1,CE10_chr2_37472854,37472854,0.279,0,0,0,0,0,0,NONE
CE10_chr2,1,CE10_chr2_38287465,38287465,0.279,1,1,0,0,0,0,CE10_chr2_38473239(1)
CE10_chr2,1,CE10_chr2_41684793,41684793,0.279,0,0,0,0,0,0,NONE
CE10_chr2,1,CE10_chr2_42149684,42149684,0.279,0,0,0,0,0,0,NONE
CE10_chr2,1,CE10_chr2_44527360,44527360,0.279,0,0,0,0,0,0,NONE
CE10_chr2,1,CE10_chr2_44920452,44920452,0.279,0,0,0,0,0,0,NONE
CE10_chr2,1,CE10_chr2_45815407,45815407,0.279,0,0,0,0,0,0,NONE
CE10_chr2,1,CE10_chr2_47715598,47715598,0.279,0,0,0,0,0,0,NONE
CE10_chr3,1,CE10_chr3_3406828,3406828,0.279,0,0,0,0,0,0,NONE
CE10_chr3,1,CE10_chr3_4944333,4944333,0.279,0,0,0,0,0,0,NONE
CE10_chr3,1,CE10_chr3_38658238,38658238,0.279,2,2,0,0,0,0,"CE10_chr3_38668908(1),CE10_chr3_38676512(1)"
CE10_chr3,1,CE10_chr3_43194094,43194094,0.279,0,0,0,0,0,0,NONE
CE10_chr3,1,CE10_chr3_47328539,47328539,0.279,0,0,0,0,0,0,NONE
CE10_chr3,1,CE10_chr3_49372842,49372842,0.279,0,0,0,0,0,0,NONE
CE10_chr3,1,CE10_chr3_49693444,49693444,0.279,0,0,0,0,0,0,NONE
CE10_chr3,1,CE10_chr3_49835888,49835888,0.279,0,0,0,0,0,0,NONE
CE10_chr4,1,CE10_chr4_8368867,8368867,0.279,0,0,0,0,0,0,NONE
CE10_chr4,1,CE10_chr4_41384337,41384337,0.279,0,0,0,0,0,0,NONE
CE10_chr4,1,CE10_chr4_49623288,49623288,0.279,0,0,0,0,0,0,NONE
CE10_chr5,1,CE10_chr5_887315,887315,0.279,0,0,0,0,0,0,NONE
CE10_chr5,1,CE10_chr5_1265848,1265848,0.279,1,1,0,0,0,0,CE10_chr5_1265771(1)
CE10_chr5,1,CE10_chr5_6289697,6289697,0.279,0,0,0,0,0,0,NONE
CE10_chr5,1,CE10_chr5_31863571,31863571,0.279,0,0,0,0,0,0,NONE
CE10_chr5,1,CE10_chr5_43220449,43220449,0.279,0,0,0,0,0,0,NONE
CE10_chr5,1,CE10_chr5_51410253,51410253,0.279,0,0,0,0,0,0,NONE
CE10_chr6,1,CE10_chr6_6280060,6280060,0.279,0,0,0,0,0,0,NONE
CE10_chr6,1,CE10_chr6_51333754,51333754,0.279,0,0,0,0,0,0,NONE
CE10_chr7,1,CE10_chr7_4333008,4333008,0.279,0,0,0,0,0,0,NONE
CE10_chr7,1,CE10_chr7_23457939,23457939,0.279,0,0,0,0,0,0,NONE
CE10_chr8,1,CE10_chr8_1515499,1515499,0.279,0,0,0,0,0,0,NONE
CE10_chr8,1,CE10_chr8_4178216,4178216,0.279,0,0,0,0,0,0,NONE
CE10_chr8,1,CE10_chr8_8012207,8012207,0.279,0,0,0,0,0,0,NONE
CE10_chr8,1,CE10_chr8_8196882,8196882,0.279,0,0,0,0,0,0,NONE
CE10_chr8,1,CE10_chr8_13144634,13144634,0.279,0,0,0,0,0,0,NONE
CE10_chr8,1,CE10_chr8_38545298,38545298,0.279,0,0,0,0,0,0,NONE
CE10_chr1,1,CE10_chr1_42360372,42360372,0.307,1,1,0,0,0,0,CE10_chr1_42361723(1)
CE10_chr2,1,CE10_chr2_8732081,8732081,0.307,1,1,0,0,0,0,CE10_chr2_8758242(1)
CE10_chr2,1,CE10_chr2_9643802,9643802,0.307,0,0,0,0,0,0,NONE
CE10_chr2,1,CE10_chr2_49625518,49625518,0.307,1,1,0,0,0,0,CE10_chr2_49674484(1)
CE10_chr3,1,CE10_chr3_22120420,22120420,0.307,2,2,0,0,0,0,"CE10_chr3_22079181(1),CE10_chr3_22115603(1)"
CE10_chr3,1,CE10_chr3_24960252,24960252,0.307,5,5,0,0,0,0,"CE10_chr3_24834026(1),CE10_chr3_25035553(1),CE10_chr3_25145155(1)"
CE10_chr3,1,CE10_chr3_30530544,30530544,0.307,0,0,0,0,0,0,NONE
CE10_chr3,1,CE10_chr3_33721765,33721765,0.307,2,2,0,0,0,0,CE10_chr3_33868673(1)
CE10_chr4,1,CE10_chr4_6382451,6382451,0.307,0,0,0,0,0,0,NONE
CE10_chr4,1,CE10_chr4_35239561,35239561,0.307,2,2,0,0,0,0,CE10_chr4_35372977(1)
CE10_chr4,1,CE10_chr4_42287725,42287725,0.307,0,0,0,0,0,0,NONE
CE10_chr5,1,CE10_chr5_14628002,14628002,0.307,1,1,0,0,0,0,CE10_chr5_14512290(1)
CE10_chr5,1,CE10_chr5_17824815,17824815,0.307,0,0,0,0,0,0,NONE
CE10_chr5,1,CE10_chr5_24430928,24430928,0.307,3,3,0,0,0,0,"CE10_chr5_24226669(1),CE10_chr5_24412731(1),CE10_chr5_24647414(1)"
CE10_chr5,1,CE10_chr5_24817907,24817907,0.307,7,7,0,0,0,0,"CE10_chr5_24778165(1),CE10_chr5_24793066(1),CE10_chr5_24951459(1),CE10_chr5_24979154(1),CE10_chr5_24991782(1),CE10_chr5_25043101(1)"
CE10_chr5,1,CE10_chr5_26295479,26295479,0.307,4,4,0,0,0,0,"CE10_chr5_26247466(1),CE10_chr5_26277914(1)"
CE10_chr5,1,CE10_chr5_30517833,30517833,0.307,4,4,0,0,0,0,"CE10_chr5_30312979(1),CE10_chr5_30343259(1),CE10_chr5_30518564(1),CE10_chr5_30662397(1)"
CE10_chr5,1,CE10_chr5_31966962,31966962,0.307,0,0,0,0,0,0,NONE
CE10_chr5,1,CE10_chr5_35442175,35442175,0.307,1,1,0,0,0,0,CE10_chr5_35196254(1)
CE10_chr5,1,CE10_chr5_35763393,35763393,0.307,0,0,0,0,0,0,NONE
CE10_chr6,1,CE10_chr6_26725123,26725123,0.307,1,1,0,0,0,0,CE10_chr6_26567619(1)
CE10_chr6,1,CE10_chr6_31247748,31247748,0.307,0,0,0,0,0,0,NONE
CE10_chr6,1,CE10_chr6_33687680,33687680,0.307,1,1,0,0,0,0,CE10_chr6_33824076(1)
CE10_chr6,1,CE10_chr6_36213385,36213385,0.307,0,0,0,0,0,0,NONE
CE10_chr6,1,CE10_chr6_36800288,36800288,0.307,0,0,0,0,0,0,NONE
CE10_chr7,1,CE10_chr7_32579010,32579010,0.307,0,0,0,0,0,0,NONE
CE10_chr8,1,CE10_chr8_1484278,1484278,0.307,0,0,0,0,0,0,NONE
CE10_chr8,1,CE10_chr8_13036816,13036816,0.307,0,0,0,0,0,0,NONE
CE10_chr1,1,CE10_chr1_1319266,1319266,0.319,0,0,0,0,0,0,NONE
CE10_chr3,1,CE10_chr3_49694346,49694346,0.319,0,0,0,0,0,0,NONE
CE10_chr4,1,CE10_chr4_47559696,47559696,0.319,0,0,0,0,0,0,NONE
CE10_chr5,1,CE10_chr5_4892146,4892146,0.319,0,0,0,0,0,0,NONE
CE10_chr8,1,CE10_chr8_3558585,3558585,0.319,0,0,0,0,0,0,NONE
CE10_chr1,1,CE10_chr1_10267934,10267934,0.325,0,0,0,0,0,0,NONE
CE10_chr2,1,CE10_chr2_41890191,41890191,0.325,0,0,0,0,0,0,NONE
CE10_chr4,1,CE10_chr4_36106696,36106696,0.325,1,1,0,0,0,0,CE10_chr4_35964871(1)
CE10_chr4,1,CE10_chr4_38474694,38474694,0.325,0,0,0,0,0,0,NONE
CE10_chr5,1,CE10_chr5_18115384,18115384,0.325,1,1,0,0,0,0,CE10_chr5_18298718(1)
CE10_chr5,1,CE10_chr5_21927474,21927474,0.325,0,0,0,0,0,0,NONE
CE10_chr5,1,CE10_chr5_22633666,22633666,0.325,2,2,0,0,0,0,CE10_chr5_22794719(1)
CE10_chr5,1,CE10_chr5_28017045,28017045,0.325,1,1,0,0,0,0,NONE
CE10_chr5,1,CE10_chr5_32347024,32347024,0.325,1,1,0,0,0,0,NONE
CE10_chr5,1,CE10_chr5_34926707,34926707,0.325,1,1,0,0,0,0,CE10_chr5_34831343(1)
CE10_chr5,1,CE10_chr5_36800755,36800755,0.325,0,0,0,0,0,0,NONE
CE10_chr6,1,CE10_chr6_10007860,10007860,0.325,0,0,0,0,0,0,NONE
CE10_chr6,1,CE10_chr6_25532378,25532378,0.325,1,1,0,0,0,0,CE10_chr6_25487219(1)
CE10_chr5,1,CE10_chr5_24027204,24027204,0.329,1,1,0,0,0,0,CE10_chr5_24060447(1)
CE10_chr7,1,CE10_chr7_42984060,42984060,0.329,2,2,0,0,0,0,"CE10_chr7_42847106(1),CE10_chr7_42847119(1)"
CE10_chr4,1,CE10_chr4_7925730,7925730,0.33,0,0,0,0,0,0,NONE
CE10_chr8,1,CE10_chr8_48398442,48398442,0.33,0,0,0,0,0,0,NONE
CE10_chr8,1,CE10_chr8_50665003,50665003,0.33,0,0,0,0,0,0,NONE
CE10_chr2,1,CE10_chr2_4273573,4273573,0.332,0,0,0,0,0,0,NONE
CE10_chr6,1,CE10_chr6_31719486,31719486,0.332,1,1,0,0,0,0,CE10_chr6_31603836(1)
CE10_chr4,1,CE10_chr4_8368846,8368846,0.334,0,0,0,0,0,0,NONE
CE10_chr5,1,CE10_chr5_6100653,6100653,0.334,0,0,0,0,0,0,NONE
CE10_chr7,1,CE10_chr7_2793169,2793169,0.336,1,1,0,0,0,0,CE10_chr7_2793221(1)
CE10_chr7,1,CE10_chr7_4266524,4266524,0.336,0,0,0,0,0,0,NONE
CE10_chr3,1,CE10_chr3_16222036,16222036,0.34,2,2,0,0,0,0,"CE10_chr3_16253413(1),CE10_chr3_16284530(1)"
CE10_chr3,1,CE10_chr3_25972338,25972338,0.34,2,2,0,0,0,0,"CE10_chr3_25941631(1),CE10_chr3_25972382(1)"
CE10_chr4,1,CE10_chr4_32584619,32584619,0.34,0,0,0,0,0,0,NONE
CE10_chr5,1,CE10_chr5_8686732,8686732,0.34,0,0,0,0,0,0,NONE
CE10_chr5,1,CE10_chr5_33617379,33617379,0.34,1,1,0,0,0,0,NONE
CE10_chr6,1,CE10_chr6_13035643,13035643,0.34,1,1,0,0,0,0,CE10_chr6_13036126(1)
CE10_chr6,1,CE10_chr6_37297708,37297708,0.34,1,1,0,0,0,0,CE10_chr6_37198973(1)
CE10_chr8,1,CE10_chr8_9165653,9165653,0.343,0,0,0,0,0,0,NONE
CE10_chr2,1,CE10_chr2_41052470,41052470,0.344,0,0,0,0,0,0,NONE
CE10_chr2,1,CE10_chr2_3428457,3428457,0.345,0,0,0,0,0,0,NONE
CE10_chr6,1,CE10_chr6_4037268,4037268,0.346,0,0,0,0,0,0,NONE
CE10_chr2,1,CE10_chr2_5573274,5573274,0.346,0,0,0,0,0,0,NONE
CE10_chr8,1,CE10_chr8_4939253,4939253,0.348,0,0,0,0,0,0,NONE
CE10_chr2,1,CE10_chr2_34392435,34392435,0.348,0,0,0,0,0,0,NONE
CE10_chr2,1,CE10_chr2_48223422,48223422,0.348,0,0,0,0,0,0,NONE
CE10_chr3,1,CE10_chr3_2600045,2600045,0.349,0,0,0,0,0,0,NONE
CE10_chr1,1,CE10_chr1_40276728,40276728,0.35,0,0,0,0,0,0,NONE
CE10_chr8,1,CE10_chr8_318329,318329,0.35,0,0,0,0,0,0,NONE
CE10_chr2,1,CE10_chr2_44772954,44772954,0.351,0,0,0,0,0,0,NONE
CE10_chr8,1,CE10_chr8_336264,336264,0.352,0,0,0,0,0,0,NONE
CE10_chr5,1,CE10_chr5_43205780,43205780,0.353,0,0,0,0,0,0,NONE
CE10_chr7,1,CE10_chr7_45844580,45844580,0.353,2,2,0,0,0,0,"CE10_chr7_45837930(1),CE10_chr7_45841326(1)"
CE10_chr2,1,CE10_chr2_46187785,46187785,0.354,1,1,0,0,0,0,CE10_chr2_46270650(1)
CE10_chr3,1,CE10_chr3_49434652,49434652,0.355,0,0,0,0,0,0,NONE
CE10_chr4,1,CE10_chr4_42856090,42856090,0.356,1,1,0,0,0,0,CE10_chr4_42802835(1)
CE10_chr3,1,CE10_chr3_31733202,31733202,0.359,0,0,0,0,0,0,NONE
CE10_chr3,1,CE10_chr3_45429743,45429743,0.359,0,0,0,0,0,0,NONE
CE10_chr4,1,CE10_chr4_8677749,8677749,0.359,0,0,0,0,0,0,NONE
CE10_chr5,1,CE10_chr5_234093,234093,0.359,0,0,0,0,0,0,NONE
CE10_chr5,1,CE10_chr5_14060754,14060754,0.359,0,0,0,0,0,0,NONE
CE10_chr5,1,CE10_chr5_22936965,22936965,0.359,1,1,0,0,0,0,CE10_chr5_22968980(1)
CE10_chr6,1,CE10_chr6_5457556,5457556,0.359,0,0,0,0,0,0,NONE
CE10_chr8,1,CE10_chr8_1202960,1202960,0.359,1,1,0,0,0,0,CE10_chr8_1232953(1)
CE10_chr1,1,CE10_chr1_43503400,43503400,0.365,0,0,0,0,0,0,NONE
CE10_chr2,1,CE10_chr2_32751308,32751308,0.365,0,0,0,0,0,0,NONE
CE10_chr3,1,CE10_chr3_49386089,49386089,0.365,0,0,0,0,0,0,NONE
CE10_chr3,1,CE10_chr3_49695394,49695394,0.365,0,0,0,0,0,0,NONE
CE10_chr4,1,CE10_chr4_46110150,46110150,0.365,0,0,0,0,0,0,NONE
CE10_chr8,1,CE10_chr8_13800885,13800885,0.365,0,0,0,0,0,0,NONE
CE10_chr8,1,CE10_chr8_49725034,49725034,0.368,0,0,0,0,0,0,NONE
CE10_chr4,1,CE10_chr4_12017675,12017675,0.37,1,1,0,0,0,0,CE10_chr4_11849920(1)
CE10_chr4,1,CE10_chr4_41275539,41275539,0.37,0,0,0,0,0,0,NONE
CE10_chr5,1,CE10_chr5_37496554,37496554,0.37,0,0,0,0,0,0,NONE
CE10_chr7,1,CE10_chr7_32109295,32109295,0.37,1,1,0,0,0,0,NONE
CE10_chr2,1,CE10_chr2_41782604,41782604,0.372,0,0,0,0,0,0,NONE
CE10_chr3,1,CE10_chr3_12503876,12503876,0.372,1,1,0,0,0,0,NONE
CE10_chr5,1,CE10_chr5_15128428,15128428,0.372,2,2,0,0,0,0,"CE10_chr5_14880826(1),CE10_chr5_15342923(1)"
CE10_chr3,1,CE10_chr3_48371406,48371406,0.375,0,0,0,0,0,0,NONE
CE10_chr5,1,CE10_chr5_9198578,9198578,0.375,1,1,0,0,0,0,CE10_chr5_9234486(1)
CE10_chr1,1,CE10_chr1_14652406,14652406,0.376,0,0,0,0,0,0,NONE
CE10_chr4,1,CE10_chr4_9152586,9152586,0.377,0,0,0,0,0,0,NONE
CE10_chr6,1,CE10_chr6_41110242,41110242,0.377,0,0,0,0,0,0,NONE
CE10_chr4,1,CE10_chr4_12019279,12019279,0.378,2,2,0,0,0,0,NONE
CE10_chr6,1,CE10_chr6_6134307,6134307,0.378,0,0,0,0,0,0,NONE
CE10_chr8,1,CE10_chr8_49463516,49463516,0.378,0,0,0,0,0,0,NONE
CE10_chr8,1,CE10_chr8_44670553,44670553,0.379,0,0,0,0,0,0,NONE
CE10_chr1,1,CE10_chr1_1712214,1712214,0.38,0,0,0,0,0,0,NONE
CE10_chr2,1,CE10_chr2_47997832,47997832,0.38,0,0,0,0,0,0,NONE
CE10_chr8,1,CE10_chr8_5419968,5419968,0.382,2,2,0,0,0,0,"CE10_chr8_5419537(1),CE10_chr8_5419833(1)"
CE10_chr8,1,CE10_chr8_7441469,7441469,0.382,0,0,0,0,0,0,NONE
CE10_chr8,1,CE10_chr8_46625191,46625191,0.383,0,0,0,0,0,0,NONE
CE10_chr2,1,CE10_chr2_34951011,34951011,0.384,0,0,0,0,0,0,NONE
CE10_chr3,1,CE10_chr3_3052651,3052651,0.384,0,0,0,0,0,0,NONE
CE10_chr3,1,CE10_chr3_3260813,3260813,0.385,0,0,0,0,0,0,NONE
CE10_chr3,1,CE10_chr3_5151399,5151399,0.385,2,2,0,0,0,0,"CE10_chr3_5151373(1),CE10_chr3_5151634(1)"
CE10_chr1,1,CE10_chr1_40201142,40201142,0.386,0,0,0,0,0,0,NONE
CE10_chr2,1,CE10_chr2_46178762,46178762,0.388,1,1,0,0,0,0,CE10_chr2_46179616(1)
CE10_chr8,1,CE10_chr8_10792484,10792484,0.388,0,0,0,0,0,0,NONE
CE10_chr2,1,CE10_chr2_13473126,13473126,0.39,1,1,0,0,0,0,CE10_chr2_13480383(1)
CE10_chr3,1,CE10_chr3_20380666,20380666,0.391,1,1,0,0,0,0,CE10_chr3_20513630(1)
CE10_chr6,1,CE10_chr6_43585961,43585961,0.392,0,0,0,0,0,0,NONE
CE10_chr6,1,CE10_chr6_51150982,51150982,0.392,0,0,0,0,0,0,NONE
CE10_chr1,1,CE10_chr1_10959327,10959327,0.393,0,0,0,0,0,0,NONE
CE10_chr6,1,CE10_chr6_9067339,9067339,0.394,1,1,0,0,0,0,CE10_chr6_9080218(1)
CE10_chr2,1,CE10_chr2_43625312,43625312,0.394,0,0,0,0,0,0,NONE
CE10_chr6,1,CE10_chr6_16251584,16251584,0.394,0,0,0,0,0,0,NONE
CE10_chr6,1,CE10_chr6_51343359,51343359,0.395,0,0,0,0,0,0,NONE
CE10_chr5,1,CE10_chr5_49223584,49223584,0.396,0,0,0,0,0,0,NONE
CE10_chr8,1,CE10_chr8_637463,637463,0.396,0,0,0,0,0,0,NONE
CE10_chr1,1,CE10_chr1_3899133,3899133,0.397,0,0,0,0,0,0,NONE
CE10_chr4,1,CE10_chr4_14906704,14906704,0.398,0,0,0,0,0,0,NONE
CE10_chr2,1,CE10_chr2_43341097,43341097,0.399,0,0,0,0,0,0,NONE
CE10_chr7,1,CE10_chr7_44861221,44861221,0.4,0,0,0,0,0,0,NONE
CE10_chr3,1,CE10_chr3_7519118,7519118,0.4,0,0,0,0,0,0,NONE
CE10_chr4,1,CE10_chr4_9709353,9709353,0.4,0,0,0,0,0,0,NONE
CE10_chr8,1,CE10_chr8_5230993,5230993,0.401,0,0,0,0,0,0,NONE
CE10_chr6,1,CE10_chr6_8444836,8444836,0.402,0,0,0,0,0,0,NONE
CE10_chr7,1,CE10_chr7_9784358,9784358,0.402,0,0,0,0,0,0,NONE
CE10_chr2,1,CE10_chr2_5673590,5673590,0.402,0,0,0,0,0,0,NONE
CE10_chr7,1,CE10_chr7_8006026,8006026,0.404,0,0,0,0,0,0,NONE
CE10_chr3,1,CE10_chr3_4922093,4922093,0.404,0,0,0,0,0,0,NONE
CE10_chr6,1,CE10_chr6_2928364,2928364,0.404,0,0,0,0,0,0,NONE
CE10_chr3,1,CE10_chr3_5725484,5725484,0.405,0,0,0,0,0,0,NONE
CE10_chr8,1,CE10_chr8_48123313,48123313,0.406,0,0,0,0,0,0,NONE
CE10_chr7,1,CE10_chr7_1232860,1232860,0.406,0,0,0,0,0,0,NONE
CE10_chr8,1,CE10_chr8_4809844,4809844,0.407,0,0,0,0,0,0,NONE
CE10_chr4,1,CE10_chr4_46792163,46792163,0.408,0,0,0,0,0,0,NONE
CE10_chr7,1,CE10_chr7_14437787,14437787,0.408,3,3,0,0,0,0,"CE10_chr7_14406568(1),CE10_chr7_14413016(1),CE10_chr7_14445924(1)"
CE10_chr6,1,CE10_chr6_10698007,10698007,0.408,0,0,0,0,0,0,NONE
CE10_chr4,1,CE10_chr4_6640287,6640287,0.409,0,0,0,0,0,0,NONE
CE10_chr7,1,CE10_chr7_18211486,18211486,0.41,0,0,0,0,0,0,NONE
CE10_chr4,1,CE10_chr4_1606700,1606700,0.41,0,0,0,0,0,0,NONE
CE10_chr2,1,CE10_chr2_49514426,49514426,0.41,0,0,0,0,0,0,NONE
CE10_chr1,1,CE10_chr1_7479072,7479072,0.412,0,0,0,0,0,0,NONE
CE10_chr3,1,CE10_chr3_15156116,15156116,0.412,0,0,0,0,0,0,NONE
CE10_chr3,1,CE10_chr3_47321050,47321050,0.412,0,0,0,0,0,0,NONE
CE10_chr8,1,CE10_chr8_1515455,1515455,0.413,0,0,0,0,0,0,NONE
CE10_chr6,1,CE10_chr6_16656373,16656373,0.414,0,0,0,0,0,0,NONE
CE10_chr7,1,CE10_chr7_28028973,28028973,0.414,0,0,0,0,0,0,NONE
CE10_chr6,1,CE10_chr6_463465,463465,0.415,0,0,0,0,0,0,NONE
CE10_chr3,1,CE10_chr3_1141775,1141775,0.416,0,0,0,0,0,0,NONE
CE10_chr5,1,CE10_chr5_51010647,51010647,0.416,0,0,0,0,0,0,NONE
CE10_chr5,1,CE10_chr5_17408131,17408131,0.418,2,2,0,0,0,0,CE10_chr5_17408182(1)
CE10_chr2,1,CE10_chr2_41511209,41511209,0.419,3,3,0,0,0,0,"CE10_chr2_41509409(1),CE10_chr2_41509742(1),CE10_chr2_41509907(1)"
CE10_chr3,1,CE10_chr3_3430040,3430040,0.419,0,0,0,0,0,0,NONE
CE10_chr1,1,CE10_chr1_721979,721979,0.42,0,0,0,0,0,0,NONE
CE10_chr5,1,CE10_chr5_26668628,26668628,0.42,1,1,0,0,0,0,CE10_chr5_26536915(1)
CE10_chr7,1,CE10_chr7_32153461,32153461,0.421,1,1,0,0,0,0,CE10_chr7_32111899(1)
CE10_chr3,1,CE10_chr3_48809168,48809168,0.422,0,0,0,0,0,0,NONE
CE10_chr5,1,CE10_chr5_28365424,28365424,0.422,1,1,0,0,0,0,CE10_chr5_28521984(1)
CE10_chr7,1,CE10_chr7_11921222,11921222,0.423,0,0,0,0,0,0,NONE
CE10_chr2,1,CE10_chr2_42905993,42905993,0.424,0,0,0,0,0,0,NONE
CE10_chr6,1,CE10_chr6_2810043,2810043,0.429,0,0,0,0,0,0,NONE
CE10_chr2,1,CE10_chr2_51175736,51175736,0.43,0,0,0,0,0,0,NONE
CE10_chr2,1,CE10_chr2_12577805,12577805,0.43,2,2,0,0,0,0,"CE10_chr2_12577793(1),CE10_chr2_12578393(1)"
CE10_chr2,1,CE10_chr2_44689760,44689760,0.431,0,0,0,0,0,0,NONE
CE10_chr2,1,CE10_chr2_43263350,43263350,0.432,1,1,0,0,0,0,CE10_chr2_43264297(1)
CE10_chr2,1,CE10_chr2_3792550,3792550,0.432,0,0,0,0,0,0,NONE
CE10_chr8,1,CE10_chr8_48086478,48086478,0.432,0,0,0,0,0,0,NONE
CE10_chr5,1,CE10_chr5_50115819,50115819,0.433,0,0,0,0,0,0,NONE
CE10_chr7,1,CE10_chr7_4087151,4087151,0.434,0,0,0,0,0,0,NONE
CE10_chr3,1,CE10_chr3_4754301,4754301,0.435,0,0,0,0,0,0,NONE
CE10_chr3,1,CE10_chr3_8102406,8102406,0.436,0,0,0,0,0,0,NONE
CE10_chr7,1,CE10_chr7_36883764,36883764,0.436,0,0,0,0,0,0,NONE
CE10_chr3,1,CE10_chr3_7037518,7037518,0.436,0,0,0,0,0,0,NONE
CE10_chr5,1,CE10_chr5_29966966,29966966,0.437,3,3,0,0,0,0,"CE10_chr5_29762971(1),CE10_chr5_30091427(1),CE10_chr5_30209527(1)"
CE10_chr8,1,CE10_chr8_13723305,13723305,0.438,0,0,0,0,0,0,NONE
CE10_chr6,1,CE10_chr6_56145836,56145836,0.438,0,0,0,0,0,0,NONE
CE10_chr3,1,CE10_chr3_41703913,41703913,0.438,0,0,0,0,0,0,NONE
CE10_chr3,1,CE10_chr3_4691759,4691759,0.439,0,0,0,0,0,0,NONE
CE10_chr4,1,CE10_chr4_45670582,45670582,0.44,1,1,0,0,0,0,CE10_chr4_45670570(1)
CE10_chr6,1,CE10_chr6_59125429,59125429,0.44,0,0,0,0,0,0,NONE
CE10_chr7,1,CE10_chr7_2481879,2481879,0.442,0,0,0,0,0,0,NONE
CE10_chr8,1,CE10_chr8_13834673,13834673,0.442,0,0,0,0,0,0,NONE
CE10_chr3,1,CE10_chr3_45602089,45602089,0.442,0,0,0,0,0,0,NONE
CE10_chr2,1,CE10_chr2_4647142,4647142,0.444,0,0,0,0,0,0,NONE
CE10_chr2,1,CE10_chr2_13352349,13352349,0.444,0,0,0,0,0,0,NONE
CE10_chr4,1,CE10_chr4_8405142,8405142,0.444,0,0,0,0,0,0,NONE
CE10_chr4,1,CE10_chr4_49344446,49344446,0.444,0,0,0,0,0,0,NONE
CE10_chr8,1,CE10_chr8_10503614,10503614,0.444,4,4,0,0,0,0,"CE10_chr8_10494309(1),CE10_chr8_10495846(1),CE10_chr8_10506519(1),CE10_chr8_10507788(1)"
CE10_chr3,1,CE10_chr3_25261055,25261055,0.449,3,3,0,0,0,0,CE10_chr3_25281091(1)
CE10_chr5,1,CE10_chr5_15723231,15723231,0.449,0,0,0,0,0,0,NONE
CE10_chr5,1,CE10_chr5_25524769,25524769,0.449,1,1,0,0,0,0,CE10_chr5_25614592(1)
CE10_chr5,1,CE10_chr5_38229350,38229350,0.449,0,0,0,0,0,0,NONE
CE10_chr5,1,CE10_chr5_40493109,40493109,0.449,1,1,0,0,0,0,CE10_chr5_40733677(1)
CE10_chr6,1,CE10_chr6_22726842,22726842,0.449,1,1,0,0,0,0,NONE
CE10_chr6,1,CE10_chr6_26155985,26155985,0.449,0,0,0,0,0,0,NONE
CE10_chr6,1,CE10_chr6_34084856,34084856,0.449,1,1,0,0,0,0,NONE
CE10_chr7,1,CE10_chr7_31886556,31886556,0.449,0,0,0,0,0,0,NONE
CE10_chr5,1,CE10_chr5_5190307,5190307,0.453,1,1,0,0,0,0,NONE
CE10_chr7,1,CE10_chr7_4284943,4284943,0.453,0,0,0,0,0,0,NONE
CE10_chr3,1,CE10_chr3_13102730,13102730,0.457,1,1,0,0,0,0,NONE
CE10_chr3,1,CE10_chr3_15924515,15924515,0.457,0,0,0,0,0,0,NONE
CE10_chr5,1,CE10_chr5_13638724,13638724,0.457,1,1,0,0,0,0,CE10_chr5_13647243(1)
CE10_chr5,1,CE10_chr5_14370717,14370717,0.457,2,2,0,0,0,0,CE10_chr5_14377586(1)
CE10_chr5,1,CE10_chr5_26695135,26695135,0.457,1,1,0,0,0,0,CE10_chr5_26671907(1)
CE10_chr5,1,CE10_chr5_41205471,41205471,0.457,1,1,0,0,0,0,NONE
CE10_chr7,1,CE10_chr7_43983767,43983767,0.457,0,0,0,0,0,0,NONE
CE10_chr3,1,CE10_chr3_29817348,29817348,0.462,1,1,0,0,0,0,NONE
CE10_chr3,1,CE10_chr3_35751825,35751825,0.462,1,1,0,0,0,0,NONE
CE10_chr3,1,CE10_chr3_36411010,36411010,0.462,1,1,0,0,0,0,CE10_chr3_36490626(1)
CE10_chr6,1,CE10_chr6_19843905,19843905,0.462,1,1,0,0,0,0,NONE
CE10_chr5,1,CE10_chr5_7500943,7500943,0.464,0,0,0,0,0,0,NONE
CE10_chr8,1,CE10_chr8_4104887,4104887,0.464,0,0,0,0,0,0,NONE
CE10_chr2,1,CE10_chr2_27489145,27489145,0.466,1,1,0,0,0,0,NONE
CE10_chr8,1,CE10_chr8_13273219,13273219,0.468,1,1,0,0,0,0,CE10_chr8_13202796(1)
CE10_chr2,1,CE10_chr2_53007070,53007070,0.468,0,0,0,0,0,0,NONE
CE10_chr8,1,CE10_chr8_2037003,2037003,0.469,0,0,0,0,0,0,NONE
CE10_chr3,1,CE10_chr3_47522208,47522208,0.47,0,0,0,0,0,0,NONE
CE10_chr1,1,CE10_chr1_21563995,21563995,0.47,0,0,0,0,0,0,NONE
CE10_chr6,1,CE10_chr6_12855710,12855710,0.47,0,0,0,0,0,0,NONE
CE10_chr3,1,CE10_chr3_48551965,48551965,0.472,0,0,0,0,0,0,NONE
CE10_chr2,1,CE10_chr2_12881992,12881992,0.472,0,0,0,0,0,0,NONE
CE10_chr1,1,CE10_chr1_2249444,2249444,0.475,0,0,0,0,0,0,NONE
CE10_chr3,1,CE10_chr3_3426863,3426863,0.476,0,0,0,0,0,0,NONE
CE10_chr2,1,CE10_chr2_4392575,4392575,0.477,0,0,0,0,0,0,NONE
CE10_chr5,1,CE10_chr5_46232297,46232297,0.477,0,0,0,0,0,0,NONE
CE10_chr2,1,CE10_chr2_2928493,2928493,0.48,1,1,0,0,0,0,CE10_chr2_2928547(1)
CE10_chr4,1,CE10_chr4_1609446,1609446,0.48,0,0,0,0,0,0,NONE
CE10_chr4,1,CE10_chr4_43144585,43144585,0.48,0,0,0,0,0,0,NONE
CE10_chr5,1,CE10_chr5_6538044,6538044,0.48,2,2,0,0,0,0,"CE10_chr5_6539135(1),CE10_chr5_6539665(1)"
CE10_chr5,1,CE10_chr5_18966464,18966464,0.48,0,0,0,0,0,0,NONE
CE10_chr5,1,CE10_chr5_46790689,46790689,0.48,0,0,0,0,0,0,NONE
CE10_chr6,1,CE10_chr6_2574147,2574147,0.48,0,0,0,0,0,0,NONE
CE10_chr7,1,CE10_chr7_43983725,43983725,0.48,0,0,0,0,0,0,NONE
CE10_chr4,1,CE10_chr4_11200054,11200054,0.484,0,0,0,0,0,0,NONE
CE10_chr4,1,CE10_chr4_12122780,12122780,0.484,0,0,0,0,0,0,NONE
CE10_chr7,1,CE10_chr7_5273397,5273397,0.484,0,0,0,0,0,0,NONE
CE10_chr5,1,CE10_chr5_16595644,16595644,0.486,1,1,0,0,0,0,CE10_chr5_16615514(1)
CE10_chr1,1,CE10_chr1_9488842,9488842,0.487,0,0,0,0,0,0,NONE
CE10_chr5,1,CE10_chr5_50824303,50824303,0.488,0,0,0,0,0,0,NONE
CE10_chr7,1,CE10_chr7_8509149,8509149,0.488,0,0,0,0,0,0,NONE
CE10_chr4,1,CE10_chr4_3424576,3424576,0.489,0,0,0,0,0,0,NONE
CE10_chr6,1,CE10_chr6_47635024,47635024,0.49,0,0,0,0,0,0,NONE
CE10_chr1,1,CE10_chr1_7824306,7824306,0.49,0,0,0,0,0,0,NONE
CE10_chr2,1,CE10_chr2_37759477,37759477,0.491,0,0,0,0,0,0,NONE
CE10_chr4,1,CE10_chr4_7382015,7382015,0.492,0,0,0,0,0,0,NONE
CE10_chr4,1,CE10_chr4_44131954,44131954,0.492,0,0,0,0,0,0,NONE
CE10_chr4,1,CE10_chr4_14814997,14814997,0.492,1,1,0,0,0,0,CE10_chr4_14817804(1)
CE10_chr1,1,CE10_chr1_43889293,43889293,0.493,0,0,0,0,0,0,NONE
CE10_chr6,1,CE10_chr6_4873688,4873688,0.494,0,0,0,0,0,0,NONE
CE10_chr7,1,CE10_chr7_3994729,3994729,0.494,0,0,0,0,0,0,NONE
CE10_chr2,1,CE10_chr2_5144179,5144179,0.495,0,0,0,0,0,0,NONE
CE10_chr3,1,CE10_chr3_2815303,2815303,0.495,0,0,0,0,0,0,NONE
CE10_chr1,1,CE10_chr1_42664848,42664848,0.496,0,0,0,0,0,0,NONE
CE10_chr8,1,CE10_chr8_4414589,4414589,0.496,0,0,0,0,0,0,NONE
CE10_chr8,1,CE10_chr8_48814812,48814812,0.498,0,0,0,0,0,0,NONE
CE10_chr2,1,CE10_chr2_19090182,19090182,0.498,0,0,0,0,0,0,NONE
CE10_chr4,1,CE10_chr4_1391975,1391975,0.499,0,0,0,0,0,0,NONE
CE10_chr4,1,CE10_chr4_44429846,44429846,0.5,0,0,0,0,0,0,NONE
CE10_chr8,1,CE10_chr8_4582428,4582428,0.5,0,0,0,0,0,0,NONE
CE10_chr5,1,CE10_chr5_12175166,12175166,0.502,3,3,0,0,0,0,"CE10_chr5_12013755(1),CE10_chr5_12013775(1),CE10_chr5_12175085(1)"
CE10_chr6,1,CE10_chr6_12900645,12900645,0.502,0,0,0,0,0,0,NONE
CE10_chr1,1,CE10_chr1_38349397,38349397,0.503,0,0,0,0,0,0,NONE
CE10_chr5,1,CE10_chr5_23584275,23584275,0.503,2,2,0,0,0,0,NONE
CE10_chr1,1,CE10_chr1_5885316,5885316,0.504,0,0,0,0,0,0,NONE
CE10_chr3,1,CE10_chr3_37269029,37269029,0.504,0,0,0,0,0,0,NONE
CE10_chr7,1,CE10_chr7_7262671,7262671,0.505,2,2,0,0,0,0,"CE10_chr7_7262643(1),CE10_chr7_7262656(1)"
CE10_chr4,1,CE10_chr4_48701100,48701100,0.506,0,0,0,0,0,0,NONE
CE10_chr4,1,CE10_chr4_47986142,47986142,0.507,0,0,0,0,0,0,NONE
CE10_chr7,1,CE10_chr7_5151951,5151951,0.508,0,0,0,0,0,0,NONE
CE10_chr3,1,CE10_chr3_48300310,48300310,0.509,0,0,0,0,0,0,NONE
CE10_chr8,1,CE10_chr8_1113310,1113310,0.51,0,0,0,0,0,0,NONE
CE10_chr6,1,CE10_chr6_60069925,60069925,0.511,0,0,0,0,0,0,NONE
CE10_chr7,1,CE10_chr7_37619465,37619465,0.512,0,0,0,0,0,0,NONE
CE10_chr4,1,CE10_chr4_40303905,40303905,0.512,2,2,0,0,0,0,"CE10_chr4_40305102(1),CE10_chr4_40308747(1)"
CE10_chr6,1,CE10_chr6_19296938,19296938,0.513,0,0,0,0,0,0,NONE
CE10_chr5,1,CE10_chr5_50683841,50683841,0.514,0,0,0,0,0,0,NONE
CE10_chr8,1,CE10_chr8_46084556,46084556,0.514,0,0,0,0,0,0,NONE
CE10_chr1,1,CE10_chr1_690690,690690,0.514,0,0,0,0,0,0,NONE
CE10_chr7,1,CE10_chr7_44412767,44412767,0.515,1,1,0,0,0,0,CE10_chr7_44412827(1)
CE10_chr6,1,CE10_chr6_44391396,44391396,0.516,0,0,0,0,0,0,NONE
CE10_chr2,1,CE10_chr2_10320335,10320335,0.516,0,0,0,0,0,0,NONE
CE10_chr2,1,CE10_chr2_47359664,47359664,0.517,0,0,0,0,0,0,NONE
CE10_chr5,1,CE10_chr5_23309082,23309082,0.518,0,0,0,0,0,0,NONE
CE10_chr1,1,CE10_chr1_2522151,2522151,0.518,0,0,0,0,0,0,NONE
CE10_chr5,1,CE10_chr5_28615879,28615879,0.519,0,0,0,0,0,0,NONE
CE10_chr6,1,CE10_chr6_21756,21756,0.522,2,2,0,0,0,0,"CE10_chr6_12372(1),CE10_chr6_19405(1)"
CE10_chr2,1,CE10_chr2_47664971,47664971,0.522,0,0,0,0,0,0,NONE
CE10_chr4,1,CE10_chr4_47442888,47442888,0.522,0,0,0,0,0,0,NONE
CE10_chr4,1,CE10_chr4_7314052,7314052,0.523,0,0,0,0,0,0,NONE
CE10_chr6,1,CE10_chr6_8846806,8846806,0.524,0,0,0,0,0,0,NONE
CE10_chr4,1,CE10_chr4_6955004,6955004,0.524,1,1,0,0,0,0,CE10_chr4_6955018(1)
CE10_chr1,1,CE10_chr1_41936861,41936861,0.525,0,0,0,0,0,0,NONE
CE10_chr6,1,CE10_chr6_11125308,11125308,0.526,0,0,0,0,0,0,NONE
CE10_chr7,1,CE10_chr7_15360477,15360477,0.526,0,0,0,0,0,0,NONE
CE10_chr3,1,CE10_chr3_5256716,5256716,0.526,0,0,0,0,0,0,NONE
CE10_chr7,1,CE10_chr7_12774633,12774633,0.527,0,0,0,0,0,0,NONE
CE10_chr3,1,CE10_chr3_48165995,48165995,0.528,0,0,0,0,0,0,NONE
CE10_chr7,1,CE10_chr7_1137434,1137434,0.528,0,0,0,0,0,0,NONE
CE10_chr7,1,CE10_chr7_11825427,11825427,0.529,0,0,0,0,0,0,NONE
CE10_chr8,1,CE10_chr8_12431889,12431889,0.53,0,0,0,0,0,0,NONE
CE10_chr6,1,CE10_chr6_2258788,2258788,0.53,0,0,0,0,0,0,NONE
CE10_chr4,1,CE10_chr4_4264684,4264684,0.53,0,0,0,0,0,0,NONE
CE10_chr3,1,CE10_chr3_3559028,3559028,0.531,0,0,0,0,0,0,NONE
CE10_chr7,1,CE10_chr7_7650314,7650314,0.532,0,0,0,0,0,0,NONE
CE10_chr1,1,CE10_chr1_43950202,43950202,0.532,0,0,0,0,0,0,NONE
CE10_chr1,1,CE10_chr1_9450051,9450051,0.533,0,0,0,0,0,0,NONE
CE10_chr2,1,CE10_chr2_43760587,43760587,0.533,0,0,0,0,0,0,NONE
CE10_chr5,1,CE10_chr5_4331823,4331823,0.534,0,0,0,0,0,0,NONE
CE10_chr5,1,CE10_chr5_5586964,5586964,0.534,0,0,0,0,0,0,NONE
CE10_chr2,1,CE10_chr2_44889250,44889250,0.535,0,0,0,0,0,0,NONE
CE10_chr8,1,CE10_chr8_4006257,4006257,0.536,0,0,0,0,0,0,NONE
CE10_chr3,1,CE10_chr3_1996236,1996236,0.536,0,0,0,0,0,0,NONE
CE10_chr1,1,CE10_chr1_8546211,8546211,0.537,0,0,0,0,0,0,NONE
CE10_chr7,1,CE10_chr7_45824035,45824035,0.537,0,0,0,0,0,0,NONE
CE10_chr8,1,CE10_chr8_25267666,25267666,0.538,1,1,0,0,0,0,CE10_chr8_25273836(1)
CE10_chr8,1,CE10_chr8_6307584,6307584,0.539,0,0,0,0,0,0,NONE
CE10_chr2,1,CE10_chr2_2863563,2863563,0.544,0,0,0,0,0,0,NONE
CE10_chr8,1,CE10_chr8_13192355,13192355,0.546,0,0,0,0,0,0,NONE
CE10_chr6,1,CE10_chr6_4138897,4138897,0.546,0,0,0,0,0,0,NONE
CE10_chr8,1,CE10_chr8_43447075,43447075,0.547,0,0,0,0,0,0,NONE
CE10_chr3,1,CE10_chr3_39272671,39272671,0.548,0,0,0,0,0,0,NONE
CE10_chr6,1,CE10_chr6_13010133,13010133,0.548,0,0,0,0,0,0,NONE
CE10_chr6,1,CE10_chr6_60264407,60264407,0.549,0,0,0,0,0,0,NONE
CE10_chr3,1,CE10_chr3_5357935,5357935,0.55,0,0,0,0,0,0,NONE
CE10_chr3,1,CE10_chr3_38241829,38241829,0.552,0,0,0,0,0,0,NONE
CE10_chr2,1,CE10_chr2_12889214,12889214,0.553,0,0,0,0,0,0,NONE
CE10_chr6,1,CE10_chr6_50297128,50297128,0.554,0,0,0,0,0,0,NONE
CE10_chr6,1,CE10_chr6_13380968,13380968,0.554,0,0,0,0,0,0,NONE
CE10_chr4,1,CE10_chr4_29373816,29373816,0.554,0,0,0,0,0,0,NONE
CE10_chr3,1,CE10_chr3_36132663,36132663,0.555,0,0,0,0,0,0,NONE
CE10_chr6,1,CE10_chr6_7431844,7431844,0.556,0,0,0,0,0,0,NONE
CE10_chr7,1,CE10_chr7_35755261,35755261,0.556,0,0,0,0,0,0,NONE
CE10_chr2,1,CE10_chr2_45667809,45667809,0.556,1,1,0,0,0,0,CE10_chr2_45779860(1)
CE10_chr2,1,CE10_chr2_14222687,14222687,0.557,0,0,0,0,0,0,NONE
CE10_chr4,1,CE10_chr4_24876180,24876180,0.558,0,0,0,0,0,0,NONE
CE10_chr2,1,CE10_chr2_36559768,36559768,0.558,1,1,0,0,0,0,CE10_chr2_36540072(1)
CE10_chr6,1,CE10_chr6_61143620,61143620,0.558,0,0,0,0,0,0,NONE
CE10_chr7,1,CE10_chr7_4552966,4552966,0.559,0,0,0,0,0,0,NONE
CE10_chr7,1,CE10_chr7_42509383,42509383,0.56,0,0,0,0,0,0,NONE
CE10_chr2,1,CE10_chr2_44075446,44075446,0.562,0,0,0,0,0,0,NONE
CE10_chr2,1,CE10_chr2_33199809,33199809,0.562,0,0,0,0,0,0,NONE
CE10_chr3,1,CE10_chr3_42742354,42742354,0.563,0,0,0,0,0,0,NONE
CE10_chr7,1,CE10_chr7_749534,749534,0.563,0,0,0,0,0,0,NONE
CE10_chr3,1,CE10_chr3_761640,761640,0.566,0,0,0,0,0,0,NONE
CE10_chr4,1,CE10_chr4_43662610,43662610,0.566,0,0,0,0,0,0,NONE
CE10_chr6,1,CE10_chr6_1144581,1144581,0.566,0,0,0,0,0,0,NONE
CE10_chr6,1,CE10_chr6_3550456,3550456,0.566,0,0,0,0,0,0,NONE
CE10_chr6,1,CE10_chr6_58908446,58908446,0.566,0,0,0,0,0,0,NONE
CE10_chr2,1,CE10_chr2_41890230,41890230,0.568,0,0,0,0,0,0,NONE
CE10_chr4,1,CE10_chr4_8318438,8318438,0.569,0,0,0,0,0,0,NONE
CE10_chr6,1,CE10_chr6_58687961,58687961,0.569,2,2,0,0,0,0,"CE10_chr6_58687628(1),CE10_chr6_58687666(1)"
CE10_chr6,1,CE10_chr6_2741245,2741245,0.57,0,0,0,0,0,0,NONE
CE10_chr8,1,CE10_chr8_5437831,5437831,0.57,0,0,0,0,0,0,NONE
CE10_chr4,1,CE10_chr4_46561199,46561199,0.572,0,0,0,0,0,0,NONE
CE10_chr7,1,CE10_chr7_8780604,8780604,0.572,1,1,0,0,0,0,NONE
CE10_chr2,1,CE10_chr2_20609320,20609320,0.573,0,0,0,0,0,0,NONE
CE10_chr2,1,CE10_chr2_2916315,2916315,0.574,0,0,0,0,0,0,NONE
CE10_chr4,1,CE10_chr4_48951388,48951388,0.574,0,0,0,0,0,0,NONE
CE10_chr2,1,CE10_chr2_24194469,24194469,0.574,0,0,0,0,0,0,NONE
CE10_chr4,1,CE10_chr4_48526114,48526114,0.576,0,0,0,0,0,0,NONE
CE10_chr1,1,CE10_chr1_7685144,7685144,0.577,0,0,0,0,0,0,NONE
CE10_chr5,1,CE10_chr5_50797438,50797438,0.578,0,0,0,0,0,0,NONE
CE10_chr7,1,CE10_chr7_38508173,38508173,0.578,0,0,0,0,0,0,NONE
CE10_chr6,1,CE10_chr6_59650908,59650908,0.579,0,0,0,0,0,0,NONE
CE10_chr2,1,CE10_chr2_9972450,9972450,0.58,0,0,0,0,0,0,NONE
CE10_chr2,1,CE10_chr2_48375202,48375202,0.58,0,0,0,0,0,0,NONE
CE10_chr2,1,CE10_chr2_45363320,45363320,0.58,0,0,0,0,0,0,NONE
CE10_chr6,1,CE10_chr6_39237210,39237210,0.581,0,0,0,0,0,0,NONE
CE10_chr3,1,CE10_chr3_5143221,5143221,0.582,0,0,0,0,0,0,NONE
CE10_chr4,1,CE10_chr4_6897713,6897713,0.582,0,0,0,0,0,0,NONE
CE10_chr8,1,CE10_chr8_42396501,42396501,0.583,0,0,0,0,0,0,NONE
CE10_chr8,1,CE10_chr8_7797846,7797846,0.584,0,0,0,0,0,0,NONE
CE10_chr6,1,CE10_chr6_61422954,61422954,0.584,0,0,0,0,0,0,NONE
CE10_chr3,1,CE10_chr3_7406354,7406354,0.584,0,0,0,0,0,0,NONE
CE10_chr4,1,CE10_chr4_11726903,11726903,0.585,0,0,0,0,0,0,NONE
CE10_chr2,1,CE10_chr2_46945794,46945794,0.586,0,0,0,0,0,0,NONE
CE10_chr2,1,CE10_chr2_52784147,52784147,0.586,1,1,0,0,0,0,CE10_chr2_52783707(1)
CE10_chr6,1,CE10_chr6_11311773,11311773,0.586,0,0,0,0,0,0,NONE
CE10_chr8,1,CE10_chr8_363035,363035,0.587,0,0,0,0,0,0,NONE
CE10_chr8,1,CE10_chr8_1598673,1598673,0.588,0,0,0,0,0,0,NONE
CE10_chr4,1,CE10_chr4_42738084,42738084,0.589,0,0,0,0,0,0,NONE
CE10_chr1,1,CE10_chr1_31991358,31991358,0.595,0,0,0,0,0,0,NONE
CE10_chr4,1,CE10_chr4_47886097,47886097,0.596,0,0,0,0,0,0,NONE
CE10_chr7,1,CE10_chr7_2586427,2586427,0.597,1,1,0,0,0,0,CE10_chr7_2586439(1)
CE10_chr8,1,CE10_chr8_17985228,17985228,0.598,0,0,0,0,0,0,NONE
CE10_chr5,1,CE10_chr5_48123137,48123137,0.598,0,0,0,0,0,0,NONE
CE10_chr6,1,CE10_chr6_937163,937163,0.598,1,1,0,0,0,0,CE10_chr6_1124462(1)
CE10_chr3,1,CE10_chr3_47775050,47775050,0.599,0,0,0,0,0,0,NONE
CE10_chr1,1,CE10_chr1_6410953,6410953,0.6,1,1,0,0,0,0,NONE
CE10_chr8,1,CE10_chr8_1014133,1014133,0.6,0,0,0,0,0,0,NONE
CE10_chr3,1,CE10_chr3_7545490,7545490,0.6,0,0,0,0,0,0,NONE
CE10_chr1,1,CE10_chr1_3017060,3017060,0.601,0,0,0,0,0,0,NONE
CE10_chr7,1,CE10_chr7_45075016,45075016,0.602,0,0,0,0,0,0,NONE
CE10_chr7,1,CE10_chr7_12865587,12865587,0.602,0,0,0,0,0,0,NONE
CE10_chr1,1,CE10_chr1_2951089,2951089,0.604,0,0,0,0,0,0,NONE
CE10_chr6,1,CE10_chr6_49751772,49751772,0.604,0,0,0,0,0,0,NONE
CE10_chr8,1,CE10_chr8_46522352,46522352,0.604,0,0,0,0,0,0,NONE
CE10_chr7,1,CE10_chr7_5364503,5364503,0.605,0,0,0,0,0,0,NONE
CE10_chr7,1,CE10_chr7_298269,298269,0.606,0,0,0,0,0,0,NONE
CE10_chr4,1,CE10_chr4_1599926,1599926,0.606,0,0,0,0,0,0,NONE
CE10_chr6,1,CE10_chr6_10563325,10563325,0.608,0,0,0,0,0,0,NONE
CE10_chr6,1,CE10_chr6_11274495,11274495,0.608,0,0,0,0,0,0,NONE
CE10_chr6,1,CE10_chr6_58713074,58713074,0.609,0,0,0,0,0,0,NONE
CE10_chr7,1,CE10_chr7_6727700,6727700,0.61,0,0,0,0,0,0,NONE
CE10_chr1,1,CE10_chr1_8405741,8405741,0.61,0,0,0,0,0,0,NONE
CE10_chr6,1,CE10_chr6_47486640,47486640,0.611,0,0,0,0,0,0,NONE
CE10_chr2,1,CE10_chr2_46849873,46849873,0.612,0,0,0,0,0,0,NONE
CE10_chr3,1,CE10_chr3_48151723,48151723,0.612,0,0,0,0,0,0,NONE
CE10_chr6,1,CE10_chr6_48542716,48542716,0.613,0,0,0,0,0,0,NONE
CE10_chr5,1,CE10_chr5_9693295,9693295,0.614,0,0,0,0,0,0,NONE
CE10_chr2,1,CE10_chr2_4564029,4564029,0.614,0,0,0,0,0,0,NONE
CE10_chr7,1,CE10_chr7_45005084,45005084,0.614,0,0,0,0,0,0,NONE
CE10_chr8,1,CE10_chr8_47862916,47862916,0.615,0,0,0,0,0,0,NONE
CE10_chr2,1,CE10_chr2_6817374,6817374,0.616,0,0,0,0,0,0,NONE
CE10_chr3,1,CE10_chr3_21763578,21763578,0.616,0,0,0,0,0,0,NONE
CE10_chr2,1,CE10_chr2_5052491,5052491,0.617,0,0,0,0,0,0,NONE
CE10_chr7,1,CE10_chr7_9318680,9318680,0.618,0,0,0,0,0,0,NONE
CE10_chr8,1,CE10_chr8_48410658,48410658,0.618,0,0,0,0,0,0,NONE
CE10_chr8,1,CE10_chr8_9170948,9170948,0.618,0,0,0,0,0,0,NONE
CE10_chr4,1,CE10_chr4_47819808,47819808,0.619,0,0,0,0,0,0,NONE
CE10_chr2,1,CE10_chr2_47031079,47031079,0.62,0,0,0,0,0,0,NONE
CE10_chr3,1,CE10_chr3_2854380,2854380,0.62,1,1,0,0,0,0,CE10_chr3_2854399(1)
CE10_chr3,1,CE10_chr3_48225446,48225446,0.622,0,0,0,0,0,0,NONE
CE10_chr2,1,CE10_chr2_28311994,28311994,0.624,0,0,0,0,0,0,NONE
CE10_chr6,1,CE10_chr6_2881446,2881446,0.624,0,0,0,0,0,0,NONE
CE10_chr7,1,CE10_chr7_9315853,9315853,0.625,0,0,0,0,0,0,NONE
CE10_chr8,1,CE10_chr8_378302,378302,0.626,0,0,0,0,0,0,NONE
CE10_chr8,1,CE10_chr8_40134836,40134836,0.626,0,0,0,0,0,0,NONE
CE10_chr3,1,CE10_chr3_14566463,14566463,0.627,0,0,0,0,0,0,NONE
CE10_chr3,1,CE10_chr3_14111854,14111854,0.628,0,0,0,0,0,0,NONE
CE10_chr8,1,CE10_chr8_3284171,3284171,0.628,0,0,0,0,0,0,NONE
CE10_chr5,1,CE10_chr5_995610,995610,0.628,0,0,0,0,0,0,NONE
CE10_chr2,1,CE10_chr2_39692094,39692094,0.63,0,0,0,0,0,0,NONE
CE10_chr6,1,CE10_chr6_43106569,43106569,0.63,2,2,0,0,0,0,"CE10_chr6_43106573(1),CE10_chr6_43109949(1)"
CE10_chr7,1,CE10_chr7_6817982,6817982,0.631,0,0,0,0,0,0,NONE
CE10_chr5,1,CE10_chr5_18175562,18175562,0.632,0,0,0,0,0,0,NONE
CE10_chr2,1,CE10_chr2_43351124,43351124,0.632,0,0,0,0,0,0,NONE
CE10_chr2,1,CE10_chr2_13463237,13463237,0.632,0,0,0,0,0,0,NONE
CE10_chr2,1,CE10_chr2_15312623,15312623,0.634,0,0,0,0,0,0,NONE
CE10_chr1,1,CE10_chr1_41265124,41265124,0.636,0,0,0,0,0,0,NONE
CE10_chr4,1,CE10_chr4_2659533,2659533,0.636,0,0,0,0,0,0,NONE
CE10_chr1,1,CE10_chr1_1372839,1372839,0.637,0,0,0,0,0,0,NONE
CE10_chr7,1,CE10_chr7_3589594,3589594,0.637,0,0,0,0,0,0,NONE
CE10_chr5,1,CE10_chr5_48322203,48322203,0.638,0,0,0,0,0,0,NONE
CE10_chr4,1,CE10_chr4_9582870,9582870,0.645,0,0,0,0,0,0,NONE
CE10_chr4,1,CE10_chr4_10826507,10826507,0.645,4,4,0,0,0,0,"CE10_chr4_10761722(1),CE10_chr4_10817754(1),CE10_chr4_10817941(1),CE10_chr4_10839260(1)"
CE10_chr4,1,CE10_chr4_12024311,12024311,0.645,0,0,0,0,0,0,NONE
CE10_chr4,1,CE10_chr4_36795737,36795737,0.645,0,0,0,0,0,0,NONE
CE10_chr4,1,CE10_chr4_39845489,39845489,0.645,0,0,0,0,0,0,NONE
CE10_chr4,1,CE10_chr4_40203357,40203357,0.645,1,1,0,0,0,0,CE10_chr4_40201906(1)
CE10_chr6,1,CE10_chr6_8660356,8660356,0.645,0,0,0,0,0,0,NONE
CE10_chr6,1,CE10_chr6_43970401,43970401,0.645,1,1,0,0,0,0,CE10_chr6_43969015(1)
CE10_chr6,1,CE10_chr6_45321319,45321319,0.645,0,0,0,0,0,0,NONE
CE10_chr7,1,CE10_chr7_8333571,8333571,0.645,0,0,0,0,0,0,NONE
CE10_chr8,1,CE10_chr8_2946346,2946346,0.645,0,0,0,0,0,0,NONE
CE10_chr8,1,CE10_chr8_10931622,10931622,0.645,0,0,0,0,0,0,NONE
CE10_chr1,1,CE10_chr1_44665160,44665160,0.652,0,0,0,0,0,0,NONE
CE10_chr3,1,CE10_chr3_39646065,39646065,0.652,0,0,0,0,0,0,NONE
CE10_chr3,1,CE10_chr3_1621537,1621537,0.654,0,0,0,0,0,0,NONE
CE10_chr2,1,CE10_chr2_40883008,40883008,0.655,0,0,0,0,0,0,NONE
CE10_chr4,1,CE10_chr4_2394461,2394461,0.655,0,0,0,0,0,0,NONE
CE10_chr7,1,CE10_chr7_13469631,13469631,0.655,0,0,0,0,0,0,NONE
CE10_chr4,1,CE10_chr4_9765813,9765813,0.656,0,0,0,0,0,0,NONE
CE10_chr4,1,CE10_chr4_45465141,45465141,0.656,0,0,0,0,0,0,NONE
CE10_chr8,1,CE10_chr8_4288627,4288627,0.657,0,0,0,0,0,0,NONE
CE10_chr4,1,CE10_chr4_12621485,12621485,0.658,0,0,0,0,0,0,NONE
CE10_chr4,1,CE10_chr4_17488322,17488322,0.658,1,1,0,0,0,0,CE10_chr4_17488359(1)
CE10_chr1,1,CE10_chr1_3782867,3782867,0.671,1,1,0,0,0,0,CE10_chr1_3782833(1)
CE10_chr1,1,CE10_chr1_6661108,6661108,0.671,0,0,0,0,0,0,NONE
CE10_chr1,1,CE10_chr1_42693810,42693810,0.671,0,0,0,0,0,0,NONE
CE10_chr2,1,CE10_chr2_34355283,34355283,0.671,0,0,0,0,0,0,NONE
CE10_chr3,1,CE10_chr3_48499370,48499370,0.671,0,0,0,0,0,0,NONE
CE10_chr4,1,CE10_chr4_1359833,1359833,0.671,0,0,0,0,0,0,NONE
CE10_chr4,1,CE10_chr4_3532714,3532714,0.671,0,0,0,0,0,0,NONE
CE10_chr4,1,CE10_chr4_11236915,11236915,0.671,4,4,0,0,0,0,"CE10_chr4_11214393(1),CE10_chr4_11248372(1),CE10_chr4_11248706(1),CE10_chr4_11251456(1)"
CE10_chr4,1,CE10_chr4_11729498,11729498,0.671,1,1,0,0,0,0,CE10_chr4_11731402(1)
CE10_chr4,1,CE10_chr4_37140565,37140565,0.671,1,1,0,0,0,0,CE10_chr4_37140779(1)
CE10_chr4,1,CE10_chr4_40173322,40173322,0.671,2,2,0,0,0,0,"CE10_chr4_40185727(1),CE10_chr4_40185817(1)"
CE10_chr5,1,CE10_chr5_261866,261866,0.671,0,0,0,0,0,0,NONE
CE10_chr5,1,CE10_chr5_2346275,2346275,0.671,0,0,0,0,0,0,NONE
CE10_chr5,1,CE10_chr5_50717354,50717354,0.671,0,0,0,0,0,0,NONE
CE10_chr5,1,CE10_chr5_51099256,51099256,0.671,0,0,0,0,0,0,NONE
CE10_chr6,1,CE10_chr6_270062,270062,0.671,0,0,0,0,0,0,NONE
CE10_chr7,1,CE10_chr7_726983,726983,0.671,0,0,0,0,0,0,NONE
CE10_chr8,1,CE10_chr8_2321483,2321483,0.671,0,0,0,0,0,0,NONE
CE10_chr8,1,CE10_chr8_47125634,47125634,0.671,0,0,0,0,0,0,NONE
CE10_chr8,1,CE10_chr8_48565911,48565911,0.671,0,0,0,0,0,0,NONE
CE10_chr8,1,CE10_chr8_48945167,48945167,0.671,0,0,0,0,0,0,NONE
CE10_chr1,1,CE10_chr1_40825352,40825352,0.683,0,0,0,0,0,0,NONE
CE10_chr4,1,CE10_chr4_36145799,36145799,0.683,0,0,0,0,0,0,NONE
CE10_chr4,1,CE10_chr4_12669591,12669591,0.684,0,0,0,0,0,0,NONE
CE10_chr1,1,CE10_chr1_43983473,43983473,0.689,0,0,0,0,0,0,NONE
CE10_chr2,1,CE10_chr2_16851199,16851199,0.689,0,0,0,0,0,0,NONE
CE10_chr2,1,CE10_chr2_17771481,17771481,0.689,0,0,0,0,0,0,NONE
CE10_chr2,1,CE10_chr2_37234232,37234232,0.689,1,1,0,0,0,0,CE10_chr2_37234271(1)
CE10_chr4,1,CE10_chr4_12264923,12264923,0.689,0,0,0,0,0,0,NONE
CE10_chr6,1,CE10_chr6_564966,564966,0.689,0,0,0,0,0,0,NONE
CE10_chr6,1,CE10_chr6_674237,674237,0.689,0,0,0,0,0,0,NONE
CE10_chr6,1,CE10_chr6_8420879,8420879,0.689,0,0,0,0,0,0,NONE
CE10_chr7,1,CE10_chr7_6891436,6891436,0.689,0,0,0,0,0,0,NONE
CE10_chr7,1,CE10_chr7_37790676,37790676,0.689,0,0,0,0,0,0,NONE
CE10_chr8,1,CE10_chr8_8241516,8241516,0.689,0,0,0,0,0,0,NONE
CE10_chr6,1,CE10_chr6_10231000,10231000,0.694,0,0,0,0,0,0,NONE
CE10_chr4,1,CE10_chr4_40943820,40943820,0.694,0,0,0,0,0,0,NONE
CE10_chr1,1,CE10_chr1_1369570,1369570,0.698,0,0,0,0,0,0,NONE
CE10_chr1,1,CE10_chr1_32190224,32190224,0.698,1,1,0,0,0,0,CE10_chr1_32190237(1)
CE10_chr5,1,CE10_chr5_2772486,2772486,0.698,0,0,0,0,0,0,NONE
CE10_chr6,1,CE10_chr6_43965609,43965609,0.698,0,0,0,0,0,0,NONE
CE10_chr7,1,CE10_chr7_3384393,3384393,0.698,0,0,0,0,0,0,NONE
CE10_chr8,1,CE10_chr8_10093302,10093302,0.7,0,0,0,0,0,0,NONE
CE10_chr3,1,CE10_chr3_1344843,1344843,0.7,0,0,0,0,0,0,NONE
CE10_chr8,1,CE10_chr8_48591702,48591702,0.701,0,0,0,0,0,0,NONE
CE10_chr7,1,CE10_chr7_926403,926403,0.702,0,0,0,0,0,0,NONE
CE10_chr1,1,CE10_chr1_736579,736579,0.704,0,0,0,0,0,0,NONE
CE10_chr4,1,CE10_chr4_49028722,49028722,0.704,0,0,0,0,0,0,NONE
CE10_chr6,1,CE10_chr6_57862226,57862226,0.704,0,0,0,0,0,0,NONE
CE10_chr4,1,CE10_chr4_41879972,41879972,0.708,0,0,0,0,0,0,NONE
CE10_chr6,1,CE10_chr6_60135072,60135072,0.708,0,0,0,0,0,0,NONE
CE10_chr8,1,CE10_chr8_11082531,11082531,0.708,0,0,0,0,0,0,NONE
CE10_chr7,1,CE10_chr7_1055082,1055082,0.71,0,0,0,0,0,0,NONE
CE10_chr5,1,CE10_chr5_2613146,2613146,0.71,0,0,0,0,0,0,NONE
CE10_chr7,1,CE10_chr7_40111309,40111309,0.712,0,0,0,0,0,0,NONE
CE10_chr1,1,CE10_chr1_38347365,38347365,0.712,1,1,0,0,0,0,CE10_chr1_38353846(1)
CE10_chr1,1,CE10_chr1_31602174,31602174,0.713,0,0,0,0,0,0,NONE
CE10_chr6,1,CE10_chr6_57771062,57771062,0.713,0,0,0,0,0,0,NONE
CE10_chr4,1,CE10_chr4_10183992,10183992,0.714,0,0,0,0,0,0,NONE
CE10_chr4,1,CE10_chr4_10881835,10881835,0.714,0,0,0,0,0,0,NONE
CE10_chr5,1,CE10_chr5_2224544,2224544,0.714,0,0,0,0,0,0,NONE
CE10_chr5,1,CE10_chr5_50780696,50780696,0.716,0,0,0,0,0,0,NONE
CE10_chr8,1,CE10_chr8_43482078,43482078,0.716,0,0,0,0,0,0,NONE
CE10_chr4,1,CE10_chr4_1339649,1339649,0.716,0,0,0,0,0,0,NONE
CE10_chr8,1,CE10_chr8_16823979,16823979,0.717,0,0,0,0,0,0,NONE
CE10_chr3,1,CE10_chr3_4520291,4520291,0.718,0,0,0,0,0,0,NONE
CE10_chr2,1,CE10_chr2_37868405,37868405,0.718,1,1,0,0,0,0,CE10_chr2_37868890(1)
CE10_chr2,1,CE10_chr2_42743060,42743060,0.718,0,0,0,0,0,0,NONE
CE10_chr6,1,CE10_chr6_3578848,3578848,0.719,0,0,0,0,0,0,NONE
CE10_chr5,1,CE10_chr5_48673083,48673083,0.72,0,0,0,0,0,0,NONE
CE10_chr5,1,CE10_chr5_824225,824225,0.72,0,0,0,0,0,0,NONE
CE10_chr1,1,CE10_chr1_8448401,8448401,0.72,0,0,0,0,0,0,NONE
CE10_chr7,1,CE10_chr7_39682322,39682322,0.722,1,1,0,0,0,0,CE10_chr7_39682338(1)
CE10_chr7,1,CE10_chr7_43592243,43592243,0.722,0,0,0,0,0,0,NONE
CE10_chr5,1,CE10_chr5_50017365,50017365,0.723,0,0,0,0,0,0,NONE
CE10_chr6,1,CE10_chr6_34956907,34956907,0.724,1,1,0,0,0,0,CE10_chr6_34956920(1)
CE10_chr2,1,CE10_chr2_41832965,41832965,0.724,0,0,0,0,0,0,NONE
CE10_chr7,1,CE10_chr7_1417257,1417257,0.725,0,0,0,0,0,0,NONE
CE10_chr2,1,CE10_chr2_51430863,51430863,0.726,0,0,0,0,0,0,NONE
CE10_chr1,1,CE10_chr1_5796912,5796912,0.726,0,0,0,0,0,0,NONE
CE10_chr6,1,CE10_chr6_52989693,52989693,0.727,0,0,0,0,0,0,NONE
CE10_chr7,1,CE10_chr7_3113094,3113094,0.728,0,0,0,0,0,0,NONE
CE10_chr8,1,CE10_chr8_47912481,47912481,0.728,0,0,0,0,0,0,NONE
CE10_chr7,1,CE10_chr7_2729992,2729992,0.728,0,0,0,0,0,0,NONE
CE10_chr5,1,CE10_chr5_51179027,51179027,0.729,0,0,0,0,0,0,NONE
CE10_chr7,1,CE10_chr7_3332347,3332347,0.73,0,0,0,0,0,0,NONE
CE10_chr3,1,CE10_chr3_47660976,47660976,0.73,0,0,0,0,0,0,NONE
CE10_chr4,1,CE10_chr4_1463589,1463589,0.73,0,0,0,0,0,0,NONE
CE10_chr7,1,CE10_chr7_4125870,4125870,0.731,0,0,0,0,0,0,NONE
CE10_chr4,1,CE10_chr4_49074483,49074483,0.734,0,0,0,0,0,0,NONE
CE10_chr8,1,CE10_chr8_2878704,2878704,0.734,0,0,0,0,0,0,NONE
CE10_chr1,1,CE10_chr1_42248601,42248601,0.734,0,0,0,0,0,0,NONE
CE10_chr6,1,CE10_chr6_47113722,47113722,0.735,1,1,0,0,0,0,NONE
CE10_chr1,1,CE10_chr1_2939949,2939949,0.736,0,0,0,0,0,0,NONE
CE10_chr3,1,CE10_chr3_43148041,43148041,0.736,0,0,0,0,0,0,NONE
CE10_chr6,1,CE10_chr6_50524713,50524713,0.737,0,0,0,0,0,0,NONE
CE10_chr5,1,CE10_chr5_49751243,49751243,0.738,0,0,0,0,0,0,NONE
CE10_chr3,1,CE10_chr3_992934,992934,0.738,0,0,0,0,0,0,NONE
CE10_chr2,1,CE10_chr2_2821190,2821190,0.738,0,0,0,0,0,0,NONE
CE10_chr8,1,CE10_chr8_6280813,6280813,0.739,0,0,0,0,0,0,NONE
CE10_chr6,1,CE10_chr6_1863891,1863891,0.74,0,0,0,0,0,0,NONE
CE10_chr6,1,CE10_chr6_2052955,2052955,0.74,0,0,0,0,0,0,NONE
CE10_chr3,1,CE10_chr3_13921408,13921408,0.742,0,0,0,0,0,0,NONE
CE10_chr2,1,CE10_chr2_40442283,40442283,0.742,0,0,0,0,0,0,NONE
CE10_chr3,1,CE10_chr3_3830636,3830636,0.742,0,0,0,0,0,0,NONE
CE10_chr2,1,CE10_chr2_48164829,48164829,0.743,3,3,0,0,0,0,"CE10_chr2_48149822(1),CE10_chr2_48172369(1)"
CE10_chr3,1,CE10_chr3_2527691,2527691,0.744,0,0,0,0,0,0,NONE
CE10_chr3,1,CE10_chr3_2846610,2846610,0.745,0,0,0,0,0,0,NONE
CE10_chr3,1,CE10_chr3_3207668,3207668,0.745,0,0,0,0,0,0,NONE
CE10_chr6,1,CE10_chr6_60276577,60276577,0.746,0,0,0,0,0,0,NONE
CE10_chr8,1,CE10_chr8_50504616,50504616,0.746,0,0,0,0,0,0,NONE
CE10_chr8,1,CE10_chr8_363276,363276,0.748,0,0,0,0,0,0,NONE
CE10_chr7,1,CE10_chr7_14432584,14432584,0.748,0,0,0,0,0,0,NONE
CE10_chr3,1,CE10_chr3_13661405,13661405,0.749,0,0,0,0,0,0,NONE
CE10_chr7,1,CE10_chr7_1837269,1837269,0.75,0,0,0,0,0,0,NONE
CE10_chr8,1,CE10_chr8_4485878,4485878,0.75,0,0,0,0,0,0,NONE
CE10_chr4,1,CE10_chr4_9111825,9111825,0.75,0,0,0,0,0,0,NONE
CE10_chr8,1,CE10_chr8_11911680,11911680,0.751,0,0,0,0,0,0,NONE
CE10_chr1,1,CE10_chr1_5879559,5879559,0.752,0,0,0,0,0,0,NONE
CE10_chr2,1,CE10_chr2_48627478,48627478,0.752,0,0,0,0,0,0,NONE
CE10_chr1,1,CE10_chr1_44441841,44441841,0.752,0,0,0,0,0,0,NONE
CE10_chr6,1,CE10_chr6_19551754,19551754,0.753,0,0,0,0,0,0,NONE
CE10_chr3,1,CE10_chr3_29132100,29132100,0.754,0,0,0,0,0,0,NONE
CE10_chr2,1,CE10_chr2_2758322,2758322,0.754,0,0,0,0,0,0,NONE
CE10_chr8,1,CE10_chr8_48393245,48393245,0.756,0,0,0,0,0,0,NONE
CE10_chr2,1,CE10_chr2_47140570,47140570,0.756,0,0,0,0,0,0,NONE
CE10_chr2,1,CE10_chr2_7968551,7968551,0.756,0,0,0,0,0,0,NONE
CE10_chr2,1,CE10_chr2_52007757,52007757,0.757,0,0,0,0,0,0,NONE
CE10_chr2,1,CE10_chr2_2761231,2761231,0.759,0,0,0,0,0,0,NONE
CE10_chr8,1,CE10_chr8_23132000,23132000,0.759,0,0,0,0,0,0,NONE
CE10_chr3,1,CE10_chr3_3268844,3268844,0.762,0,0,0,0,0,0,NONE
CE10_chr6,1,CE10_chr6_58686606,58686606,0.762,0,0,0,0,0,0,NONE
CE10_chr8,1,CE10_chr8_15525335,15525335,0.762,1,1,0,0,0,0,CE10_chr8_15457033(1)
CE10_chr7,1,CE10_chr7_5934817,5934817,0.764,0,0,0,0,0,0,NONE
CE10_chr4,1,CE10_chr4_44815040,44815040,0.764,0,0,0,0,0,0,NONE
CE10_chr8,1,CE10_chr8_39250337,39250337,0.766,0,0,0,0,0,0,NONE
CE10_chr2,1,CE10_chr2_12639042,12639042,0.768,0,0,0,0,0,0,NONE
CE10_chr8,1,CE10_chr8_10336606,10336606,0.768,0,0,0,0,0,0,NONE
CE10_chr6,1,CE10_chr6_1547847,1547847,0.768,0,0,0,0,0,0,NONE
CE10_chr6,1,CE10_chr6_59102171,59102171,0.769,1,1,0,0,0,0,CE10_chr6_59102190(1)
CE10_chr6,1,CE10_chr6_3830853,3830853,0.77,0,0,0,0,0,0,NONE
CE10_chr1,1,CE10_chr1_43536359,43536359,0.771,0,0,0,0,0,0,NONE
CE10_chr3,1,CE10_chr3_7359175,7359175,0.771,0,0,0,0,0,0,NONE
CE10_chr6,1,CE10_chr6_53997507,53997507,0.772,0,0,0,0,0,0,NONE
CE10_chr5,1,CE10_chr5_14766922,14766922,0.772,0,0,0,0,0,0,NONE
CE10_chr2,1,CE10_chr2_50722010,50722010,0.772,0,0,0,0,0,0,NONE
CE10_chr6,1,CE10_chr6_17575066,17575066,0.773,0,0,0,0,0,0,NONE
CE10_chr7,1,CE10_chr7_2163728,2163728,0.774,0,0,0,0,0,0,NONE
CE10_chr6,1,CE10_chr6_59081001,59081001,0.774,0,0,0,0,0,0,NONE
CE10_chr8,1,CE10_chr8_5908923,5908923,0.775,0,0,0,0,0,0,NONE
CE10_chr7,1,CE10_chr7_2680256,2680256,0.776,0,0,0,0,0,0,NONE
CE10_chr6,1,CE10_chr6_49001362,49001362,0.776,0,0,0,0,0,0,NONE
CE10_chr6,1,CE10_chr6_9713117,9713117,0.777,0,0,0,0,0,0,NONE
CE10_chr2,1,CE10_chr2_5247367,5247367,0.778,0,0,0,0,0,0,NONE
CE10_chr4,1,CE10_chr4_9295287,9295287,0.778,0,0,0,0,0,0,NONE
CE10_chr1,1,CE10_chr1_5430792,5430792,0.778,0,0,0,0,0,0,NONE
CE10_chr8,1,CE10_chr8_3084452,3084452,0.779,0,0,0,0,0,0,NONE
CE10_chr2,1,CE10_chr2_10657951,10657951,0.78,0,0,0,0,0,0,NONE
CE10_chr5,1,CE10_chr5_41279876,41279876,0.78,0,0,0,0,0,0,NONE
CE10_chr4,1,CE10_chr4_45488151,45488151,0.78,0,0,0,0,0,0,NONE
CE10_chr4,1,CE10_chr4_4428814,4428814,0.782,0,0,0,0,0,0,NONE
CE10_chr4,1,CE10_chr4_44260032,44260032,0.783,0,0,0,0,0,0,NONE
CE10_chr7,1,CE10_chr7_34858117,34858117,0.784,0,0,0,0,0,0,NONE
CE10_chr2,1,CE10_chr2_8757334,8757334,0.784,0,0,0,0,0,0,NONE
CE10_chr3,1,CE10_chr3_2460675,2460675,0.784,0,0,0,0,0,0,NONE
CE10_chr8,1,CE10_chr8_2171364,2171364,0.785,0,0,0,0,0,0,NONE
CE10_chr4,1,CE10_chr4_6508216,6508216,0.786,0,0,0,0,0,0,NONE
CE10_chr7,1,CE10_chr7_3368786,3368786,0.786,0,0,0,0,0,0,NONE
CE10_chr6,1,CE10_chr6_3606591,3606591,0.786,0,0,0,0,0,0,NONE
CE10_chr2,1,CE10_chr2_13267837,13267837,0.787,0,0,0,0,0,0,NONE
CE10_chr2,1,CE10_chr2_3104027,3104027,0.788,0,0,0,0,0,0,NONE
CE10_chr7,1,CE10_chr7_41910135,41910135,0.788,0,0,0,0,0,0,NONE
CE10_chr8,1,CE10_chr8_4526339,4526339,0.789,0,0,0,0,0,0,NONE
CE10_chr2,1,CE10_chr2_11325397,11325397,0.79,0,0,0,0,0,0,NONE
CE10_chr2,1,CE10_chr2_43821448,43821448,0.79,1,1,0,0,0,0,CE10_chr2_43829725(1)
CE10_chr2,1,CE10_chr2_48255825,48255825,0.791,0,0,0,0,0,0,NONE
CE10_chr1,1,CE10_chr1_4983893,4983893,0.792,0,0,0,0,0,0,NONE
CE10_chr8,1,CE10_chr8_12232103,12232103,0.792,0,0,0,0,0,0,NONE
CE10_chr4,1,CE10_chr4_49268226,49268226,0.793,0,0,0,0,0,0,NONE
CE10_chr5,1,CE10_chr5_40924604,40924604,0.794,0,0,0,0,0,0,NONE
CE10_chr1,1,CE10_chr1_786322,786322,0.794,0,0,0,0,0,0,NONE
CE10_chr8,1,CE10_chr8_4418508,4418508,0.794,1,1,0,0,0,0,CE10_chr8_4521870(1)
CE10_chr6,1,CE10_chr6_3110801,3110801,0.796,0,0,0,0,0,0,NONE
CE10_chr6,1,CE10_chr6_55398847,55398847,0.796,0,0,0,0,0,0,NONE
CE10_chr3,1,CE10_chr3_1278578,1278578,0.797,0,0,0,0,0,0,NONE
CE10_chr1,1,CE10_chr1_44923121,44923121,0.798,0,0,0,0,0,0,NONE
CE10_chr7,1,CE10_chr7_5916686,5916686,0.798,1,1,0,0,0,0,NONE
CE10_chr6,1,CE10_chr6_1586285,1586285,0.798,0,0,0,0,0,0,NONE
CE10_chr8,1,CE10_chr8_4467980,4467980,0.799,0,0,0,0,0,0,NONE
CE10_chr1,1,CE10_chr1_41949045,41949045,0.8,0,0,0,0,0,0,NONE
CE10_chr2,1,CE10_chr2_41815361,41815361,0.8,0,0,0,0,0,0,NONE
CE10_chr2,1,CE10_chr2_48211389,48211389,0.8,0,0,0,0,0,0,NONE
CE10_chr1,1,CE10_chr1_45956146,45956146,0.803,0,0,0,0,0,0,NONE
CE10_chr2,1,CE10_chr2_4769656,4769656,0.803,0,0,0,0,0,0,NONE
CE10_chr2,1,CE10_chr2_40994835,40994835,0.803,0,0,0,0,0,0,NONE
CE10_chr3,1,CE10_chr3_47115826,47115826,0.803,0,0,0,0,0,0,NONE
CE10_chr6,1,CE10_chr6_1872949,1872949,0.803,0,0,0,0,0,0,NONE
CE10_chr6,1,CE10_chr6_44368347,44368347,0.803,0,0,0,0,0,0,NONE
CE10_chr7,1,CE10_chr7_797706,797706,0.806,0,0,0,0,0,0,NONE
CE10_chr8,1,CE10_chr8_838274,838274,0.806,0,0,0,0,0,0,NONE
CE10_chr8,1,CE10_chr8_6882371,6882371,0.806,1,1,0,0,0,0,NONE
CE10_chr6,1,CE10_chr6_6280413,6280413,0.808,0,0,0,0,0,0,NONE
CE10_chr2,1,CE10_chr2_48201241,48201241,0.81,1,1,0,0,0,0,NONE
CE10_chr4,1,CE10_chr4_828255,828255,0.81,1,1,0,0,0,0,CE10_chr4_825714(1)
CE10_chr4,1,CE10_chr4_21478102,21478102,0.81,0,0,0,0,0,0,NONE
CE10_chr5,1,CE10_chr5_11413254,11413254,0.811,1,1,0,0,0,0,CE10_chr5_11413271(1)
CE10_chr8,1,CE10_chr8_39971055,39971055,0.812,0,0,0,0,0,0,NONE
CE10_chr4,1,CE10_chr4_3535657,3535657,0.813,0,0,0,0,0,0,NONE
CE10_chr6,1,CE10_chr6_3844433,3844433,0.814,0,0,0,0,0,0,NONE
CE10_chr5,1,CE10_chr5_5420881,5420881,0.814,0,0,0,0,0,0,NONE
CE10_chr7,1,CE10_chr7_4411942,4411942,0.815,0,0,0,0,0,0,NONE
CE10_chr5,1,CE10_chr5_2969493,2969493,0.816,0,0,0,0,0,0,NONE
CE10_chr7,1,CE10_chr7_18601019,18601019,0.816,0,0,0,0,0,0,NONE
CE10_chr2,1,CE10_chr2_53123099,53123099,0.816,0,0,0,0,0,0,NONE
CE10_chr3,1,CE10_chr3_47356548,47356548,0.818,0,0,0,0,0,0,NONE
CE10_chr3,1,CE10_chr3_46394785,46394785,0.82,0,0,0,0,0,0,NONE
CE10_chr7,1,CE10_chr7_1730086,1730086,0.82,0,0,0,0,0,0,NONE
CE10_chr8,1,CE10_chr8_2229985,2229985,0.82,1,1,0,0,0,0,CE10_chr8_2194313(1)
CE10_chr3,1,CE10_chr3_3142092,3142092,0.821,0,0,0,0,0,0,NONE
CE10_chr8,1,CE10_chr8_46542719,46542719,0.822,0,0,0,0,0,0,NONE
CE10_chr7,1,CE10_chr7_10684004,10684004,0.823,0,0,0,0,0,0,NONE
CE10_chr2,1,CE10_chr2_36610471,36610471,0.824,0,0,0,0,0,0,NONE
CE10_chr8,1,CE10_chr8_48394102,48394102,0.824,0,0,0,0,0,0,NONE
CE10_chr1,1,CE10_chr1_5358994,5358994,0.826,0,0,0,0,0,0,NONE
CE10_chr3,1,CE10_chr3_41549595,41549595,0.826,0,0,0,0,0,0,NONE
CE10_chr3,1,CE10_chr3_46278301,46278301,0.826,0,0,0,0,0,0,NONE
CE10_chr1,1,CE10_chr1_1713782,1713782,0.827,0,0,0,0,0,0,NONE
CE10_chr3,1,CE10_chr3_1316317,1316317,0.828,0,0,0,0,0,0,NONE
CE10_chr7,1,CE10_chr7_1779829,1779829,0.828,0,0,0,0,0,0,NONE
CE10_chr8,1,CE10_chr8_4802865,4802865,0.829,0,0,0,0,0,0,NONE
CE10_chr1,1,CE10_chr1_8405715,8405715,0.83,1,1,0,0,0,0,NONE
CE10_chr3,1,CE10_chr3_45936473,45936473,0.83,0,0,0,0,0,0,NONE
CE10_chr8,1,CE10_chr8_3920846,3920846,0.831,0,0,0,0,0,0,NONE
CE10_chr5,1,CE10_chr5_25751269,25751269,0.833,0,0,0,0,0,0,NONE
CE10_chr5,1,CE10_chr5_2888886,2888886,0.834,0,0,0,0,0,0,NONE
CE10_chr6,1,CE10_chr6_53997206,53997206,0.835,0,0,0,0,0,0,NONE
CE10_chr1,1,CE10_chr1_39922917,39922917,0.836,0,0,0,0,0,0,NONE
CE10_chr1,1,CE10_chr1_42253351,42253351,0.836,0,0,0,0,0,0,NONE
CE10_chr2,1,CE10_chr2_3068201,3068201,0.837,0,0,0,0,0,0,NONE
CE10_chr8,1,CE10_chr8_5432645,5432645,0.838,0,0,0,0,0,0,NONE
CE10_chr3,1,CE10_chr3_2997103,2997103,0.84,0,0,0,0,0,0,NONE
CE10_chr1,1,CE10_chr1_1710564,1710564,0.842,0,0,0,0,0,0,NONE
CE10_chr6,1,CE10_chr6_3664311,3664311,0.843,0,0,0,0,0,0,NONE
CE10_chr6,1,CE10_chr6_57971278,57971278,0.844,0,0,0,0,0,0,NONE
CE10_chr1,1,CE10_chr1_6395449,6395449,0.845,0,0,0,0,0,0,NONE
CE10_chr7,1,CE10_chr7_4784030,4784030,0.846,0,0,0,0,0,0,NONE
CE10_chr2,1,CE10_chr2_43316845,43316845,0.846,0,0,0,0,0,0,NONE
CE10_chr2,1,CE10_chr2_12681573,12681573,0.846,0,0,0,0,0,0,NONE
CE10_chr3,1,CE10_chr3_2923152,2923152,0.847,0,0,0,0,0,0,NONE
CE10_chr3,1,CE10_chr3_39337639,39337639,0.848,0,0,0,0,0,0,NONE
CE10_chr1,1,CE10_chr1_9396057,9396057,0.848,0,0,0,0,0,0,NONE
CE10_chr8,1,CE10_chr8_4616571,4616571,0.85,0,0,0,0,0,0,NONE
CE10_chr2,1,CE10_chr2_48000360,48000360,0.853,0,0,0,0,0,0,NONE
CE10_chr3,1,CE10_chr3_41070380,41070380,0.854,0,0,0,0,0,0,NONE
CE10_chr3,1,CE10_chr3_38766717,38766717,0.854,1,1,0,0,0,0,CE10_chr3_38766747(1)
CE10_chr3,1,CE10_chr3_46260985,46260985,0.856,0,0,0,0,0,0,NONE
CE10_chr1,1,CE10_chr1_5355634,5355634,0.868,0,0,0,0,0,0,NONE
CE10_chr1,1,CE10_chr1_8303153,8303153,0.868,0,0,0,0,0,0,NONE
CE10_chr1,1,CE10_chr1_45670902,45670902,0.868,0,0,0,0,0,0,NONE
CE10_chr2,1,CE10_chr2_15494846,15494846,0.868,0,0,0,0,0,0,NONE
CE10_chr2,1,CE10_chr2_31700492,31700492,0.868,0,0,0,0,0,0,NONE
CE10_chr2,1,CE10_chr2_36527038,36527038,0.868,0,0,0,0,0,0,NONE
CE10_chr2,1,CE10_chr2_51640451,51640451,0.868,0,0,0,0,0,0,NONE
CE10_chr3,1,CE10_chr3_43176981,43176981,0.868,0,0,0,0,0,0,NONE
CE10_chr5,1,CE10_chr5_7435020,7435020,0.868,1,1,0,0,0,0,CE10_chr5_7438275(1)
CE10_chr5,1,CE10_chr5_45482430,45482430,0.868,0,0,0,0,0,0,NONE
CE10_chr6,1,CE10_chr6_44812395,44812395,0.868,0,0,0,0,0,0,NONE
CE10_chr6,1,CE10_chr6_45242454,45242454,0.868,0,0,0,0,0,0,NONE
CE10_chr6,1,CE10_chr6_55762714,55762714,0.868,0,0,0,0,0,0,NONE
CE10_chr6,1,CE10_chr6_58511114,58511114,0.868,0,0,0,0,0,0,NONE
CE10_chr7,1,CE10_chr7_510910,510910,0.868,0,0,0,0,0,0,NONE
CE10_chr7,1,CE10_chr7_3915520,3915520,0.868,0,0,0,0,0,0,NONE
CE10_chr7,1,CE10_chr7_5276369,5276369,0.868,0,0,0,0,0,0,NONE
CE10_chr8,1,CE10_chr8_5917816,5917816,0.868,0,0,0,0,0,0,NONE
CE10_chr8,1,CE10_chr8_13813266,13813266,0.868,0,0,0,0,0,0,NONE
CE10_chr8,1,CE10_chr8_15391163,15391163,0.868,0,0,0,0,0,0,NONE
CE10_chr8,1,CE10_chr8_46908553,46908553,0.868,0,0,0,0,0,0,NONE
CE10_chr4,1,CE10_chr4_8555672,8555672,0.882,0,0,0,0,0,0,NONE
CE10_chr5,1,CE10_chr5_11892187,11892187,0.882,0,0,0,0,0,0,NONE
CE10_chr6,1,CE10_chr6_27885218,27885218,0.882,0,0,0,0,0,0,NONE
CE10_chr7,1,CE10_chr7_773478,773478,0.882,1,1,0,0,0,0,CE10_chr7_774494(1)
CE10_chr7,1,CE10_chr7_1736326,1736326,0.882,0,0,0,0,0,0,NONE
CE10_chr7,1,CE10_chr7_8110655,8110655,0.882,0,0,0,0,0,0,NONE
CE10_chr7,1,CE10_chr7_8475595,8475595,0.882,0,0,0,0,0,0,NONE
CE10_chr8,1,CE10_chr8_1981784,1981784,0.882,0,0,0,0,0,0,NONE
CE10_chr2,1,CE10_chr2_12107353,12107353,0.89,0,0,0,0,0,0,NONE
CE10_chr2,1,CE10_chr2_12652982,12652982,0.89,0,0,0,0,0,0,NONE
CE10_chr2,1,CE10_chr2_44546230,44546230,0.89,1,1,0,0,0,0,NONE
CE10_chr3,1,CE10_chr3_6173834,6173834,0.89,0,0,0,0,0,0,NONE
CE10_chr3,1,CE10_chr3_38100270,38100270,0.89,0,0,0,0,0,0,NONE
CE10_chr3,1,CE10_chr3_40275773,40275773,0.89,0,0,0,0,0,0,NONE
CE10_chr5,1,CE10_chr5_20832659,20832659,0.89,0,0,0,0,0,0,NONE
CE10_chr2,1,CE10_chr2_4485620,4485620,0.899,0,0,0,0,0,0,NONE
CE10_chr2,1,CE10_chr2_12534732,12534732,0.899,0,0,0,0,0,0,NONE
CE10_chr2,1,CE10_chr2_13182976,13182976,0.899,1,1,0,0,0,0,CE10_chr2_13192869(1)
CE10_chr2,1,CE10_chr2_13338229,13338229,0.899,0,0,0,0,0,0,NONE
CE10_chr2,1,CE10_chr2_37197769,37197769,0.899,0,0,0,0,0,0,NONE
CE10_chr2,1,CE10_chr2_43984653,43984653,0.899,0,0,0,0,0,0,NONE
CE10_chr2,1,CE10_chr2_45981548,45981548,0.899,0,0,0,0,0,0,NONE
CE10_chr3,1,CE10_chr3_5217003,5217003,0.899,0,0,0,0,0,0,NONE
CE10_chr4,1,CE10_chr4_4099117,4099117,0.899,0,0,0,0,0,0,NONE
CE10_chr5,1,CE10_chr5_2858855,2858855,0.899,0,0,0,0,0,0,NONE
CE10_chr5,1,CE10_chr5_3684132,3684132,0.899,0,0,0,0,0,0,NONE
CE10_chr6,1,CE10_chr6_4148320,4148320,0.899,0,0,0,0,0,0,NONE