Site,Year,CE10_chr1_2135332,CE10_chr1_9110324,CE10_chr1_9110498,CE10_chr1_9110952,CE10_chr1_9112048,CE10_chr1_10283222,CE10_chr1_10287740,CE10_chr1_10288080,CE10_chr1_41675430,CE10_chr1_43567622,CE10_chr2_7573753,CE10_chr2_51733822,CE10_chr2_53367101,CE10_chr2_53399688,CE10_chr2_53402042,CE10_chr3_7420955,CE10_chr3_45146471,CE10_chr3_45146713,CE10_chr3_45146794,CE10_chr3_49347246,CE10_chr4_42166046,CE10_chr4_47954880,CE10_chr5_241456,CE10_chr5_250186,CE10_chr5_1917803,CE10_chr5_4530093,CE10_chr5_45278684,CE10_chr6_14969622,CE10_chr6_47740036,CE10_chr6_52686049,CE10_chr6_52686281,CE10_chr6_52687062,CE10_chr6_52687892,CE10_chr6_56255353,CE10_chr6_56503642,CE10_chr6_56505735,CE10_chr6_56505767,CE10_chr6_56508444,CE10_chr6_56509130,CE10_chr7_1257809,CE10_chr7_18915739,CE10_chr8_50465978
1,2010,0.9375,NA,NA,0.05555555555555555,0.6666666666666666,0.4375,0.4444444444444444,0.3888888888888889,0.42857142857142855,0,0.7222222222222222,NA,1,1,1,0.3888888888888889,0.7222222222222222,0.8333333333333334,0.7777777777777778,NA,0.3333333333333333,1,NA,NA,1,0.8333333333333334,NA,NA,NA,0.9444444444444444,0.8333333333333334,0.875,0.8888888888888888,NA,0.3333333333333333,0.2777777777777778,0.2777777777777778,0.07142857142857142,0.25,0.2857142857142857,0.3333333333333333,0.7777777777777778
2,2010,NA,1,0.8,0.25,0.8,0,0.1,0.3,0.875,0.2,NA,NA,1,0.9,0.9,0.16666666666666666,0.5,1,0.75,NA,NA,NA,NA,1,NA,1,NA,NA,NA,0.6,0.6,0.6,0.6,NA,0.7,0.6666666666666666,0.7,NA,0.75,0,0.2,1
3,2010,0.42857142857142855,0.3333333333333333,0.2857142857142857,0.07142857142857142,0.5833333333333334,0,0,0,0.2857142857142857,0,0.6428571428571429,NA,0.2857142857142857,0.25,0.2857142857142857,NA,0.6,0.5,0.5,NA,0.21428571428571427,NA,NA,0.5714285714285714,0.8571428571428571,0.21428571428571427,0.8571428571428571,0.25,0.7857142857142857,0.7857142857142857,1,0.7857142857142857,0.7857142857142857,NA,0.2857142857142857,0,0.07142857142857142,0,0.07142857142857142,0.35714285714285715,NA,0.5714285714285714
4,2010,0.8,0.25,0.625,0,0.5,0.375,0.3,0.4,0.3,0,0,NA,0.2,0,0,NA,0,0,0,0,0.2,NA,NA,0.9,0.6,1,0.3,NA,NA,0.3,0.3333333333333333,0.3,0.3,1,0.5,0.125,0.3,0,0.2,0,NA,0.625
5,2010,0.5,0.16666666666666666,0.2857142857142857,0,0.21428571428571427,0.3333333333333333,0.14285714285714285,0.21428571428571427,0.25,0,0.6666666666666666,1,0.5,0.5,0.35714285714285715,NA,0,0.14285714285714285,0,0.42857142857142855,0,NA,NA,0.9285714285714286,NA,0.5,0.5,0,0.9285714285714286,0.2857142857142857,0.21428571428571427,0.21428571428571427,0.21428571428571427,1,0.21428571428571427,0.21428571428571427,0.14285714285714285,NA,0.14285714285714285,0.4,NA,0.5714285714285714
6,2010,NA,0.7,0.7,0.25,0.6,0.6111111111111112,0.5,0.5,0.1,NA,0.5,1,0.5,0.5,0.6111111111111112,NA,0.4,0.4,0.4,0.2222222222222222,NA,0.7222222222222222,1,1,0.9,0,NA,0,0.9285714285714286,0.45,0.8,0.5,0.55,NA,0.7,0.6428571428571429,0.65,NA,0.5625,0.375,NA,0.9
7,2010,NA,0.6666666666666666,0.6875,0.4375,0.625,NA,NA,NA,NA,NA,0.75,NA,0.125,0.125,0.125,NA,NA,NA,NA,NA,NA,0.14285714285714285,0.1875,0.125,0.625,NA,0.4375,NA,NA,NA,NA,NA,NA,0.375,NA,NA,NA,NA,NA,NA,NA,0.3125
8,2011,NA,0.375,0.375,NA,0.5,NA,NA,NA,NA,NA,0,0.625,NA,NA,NA,NA,NA,NA,NA,NA,0,NA,0.375,NA,0.75,1,0.875,NA,1,0.625,0.375,0.5,0.5,0.75,NA,0.25,0.125,NA,NA,0,NA,NA
9,2010,NA,0.5625,0.5,0,0.5,NA,NA,NA,0.4444444444444444,NA,0.8125,0.7222222222222222,0.25,0.3333333333333333,0.3125,NA,NA,0.05555555555555555,NA,NA,0.05555555555555555,NA,1,1,1,0.7222222222222222,0.4444444444444444,0.0625,0.4375,0.3333333333333333,0.375,0.3888888888888889,0.3333333333333333,0.7222222222222222,0.1111111111111111,0,0.05555555555555555,0,0.05555555555555555,0.05555555555555555,NA,1
10,2011,1,0.3,0.2,0.05,0.2222222222222222,0.1,0.25,0.2222222222222222,NA,NA,0,0.3125,0.05,0.1,0.05,NA,0.05555555555555555,0,0,NA,0.5625,NA,0.95,1,0.85,0.8,0.5,0,0.95,1,0.95,0.95,0.9444444444444444,0.8,0.2777777777777778,0.45,0.3333333333333333,NA,0.1875,0,NA,NA
11,2010,NA,0.8,0.9444444444444444,NA,0.8333333333333334,0,0,0,0,NA,0.4444444444444444,0.65,0.25,0.2,0.2,0.15,0.08333333333333333,0.15,0.05,0,0.5555555555555556,NA,NA,NA,0.85,0.3,0.9,NA,0.7,0.55,0.5,0.5,0.55,0.3,0.15,0.16666666666666666,0.15,0,0.1,NA,NA,0.95
12,2010,NA,0.5,0.6666666666666666,NA,0.16666666666666666,NA,0.05,0.1,0.8,0,NA,NA,1,1,1,0.05,0.95,NA,0.95,NA,0.8333333333333334,NA,NA,0.85,NA,NA,NA,NA,NA,0.9,0.85,0.9,0.7777777777777778,NA,0.85,0.75,0.8,0.25,0.8,NA,NA,0.95
