S,p1,p2,p3,p4,p5,p6,p7,p8,p9,p10,p11,p12,p1_low,p1_up,p2_low,p2_up,p3_low,p3_up,p4_low,p4_up,p5_low,p5_up,p6_low,p6_up,p7_low,p7_up,p8_low,p8_up,p9_low,p9_up,p10_low,p10_up,p11_low,p11_up,p12_low,p12_up
-2.45,0,0,0,0,0,0,0,0,0,0,0,0,1,1,1,1,1,1,1,1,1,1,1,1,NA,NA,1,1,NA,NA,1,1,NA,NA,1,1
-2.35,0,0,0,0,0,0,0,0,0,0,0,0,1,1,1,1,1,1,1,2,1,1,1,1,1,1,1,1,1,1,1,1,1,1,1,1
-2.25,0,0,0,0,0,0,0,0,0,0,0,0,1,1,1,1,1,1,1,1,1,1.549999999999999,1,1,1,1,1,1.1000000000000014,1,1,1,1,1,1,1,1
-2.1500000000000004,0,0,0,0,0,0,0,0,0,0,0,0,1,1,1,1,1,1,1,1,1,1,1,1,NA,NA,1,1,1,1,1,1,1,1,1,1
-2.0500000000000003,0,0,0,0,0,0,0,0,0,0,0,0,1,1,1,1,1,2,1,1,1,1,1,1,1,1,1,1,1,1,1,1,1,1,1,1
-1.9500000000000002,0,0,0,0,0,0,0,0,0,0,0,0,1,1,1,1,1,1,1,1,1,1.8499999999999979,1,1,1,1,1,1,1,1,1,1,1,1,1,1
-1.85,0,0,0,0,0,0,0,1,0,0,0,0,1,1,1,1,1,1.0499999999999972,1,2,1,1,1,1,1,1,1,2,1,1,1,1,1,1,1,1
-1.75,0,0,0,0,0,0,0,0,0,0,0,0,1,1,1,2,1,1.0499999999999972,1,2,1,2,1,1,1,1,1,1,1,1,1,1,1,1,1,1
-1.6500000000000001,0,1,0,0,0,0,0,0,0,0,0,0,1,1,1,2,1,2,1,2,1,1,1,2,1,2,1,2,1,1,1,2,1,1,1,1
-1.5500000000000003,0,0,0,0,0,0,0,0,0,0,0,0,1,2,1,2,1,2,1,2,1,1,1,1.6499999999999986,1,1,1,2,1,1,1,1.9500000000000028,1,1.1000000000000014,1,1
-1.4500000000000002,0,1,0,0,0,0,0,0,0,0,0,0,1,2,1,2,1,2,1,3,1,2,1,2,1,1,1,1,1,1,1,2,1,1,1,1.0999999999999943
-1.35,0,1,0,1,0,0,0,0,0,0,0,0,1,2,1,2,1,2,1,4,1,2,1,2,1,1,1,2,1,2,1,2,1,1.0499999999999972,1,1.1999999999999886
-1.25,0,6,0,1,0,1,0,1,0,1,0,0,1,2,1,3,1,2,1,5,1,2,1,4,1,2,1,2,1,1,1,2,1,1,1,2
-1.1500000000000001,1,0,0,0,1,0,2,0,0,1,0,0,1,3,1,3,1,2,1,6,1,2,1,3,1,1,1,3,1,2,1,2,1,1,1,2
-1.05,2,0,1,1,3,0,0,1,0,0,0,0,1,3,1,3,1,3,1,5,1,5,1,2,1,2,1,2,1,2,1,3,1,2,1,2
-0.9500000000000002,2,3,3,1,1,0,1,2,0,1,0,1,1,4,1,4,1,3,1,7,1,3,1,2,1,2,1,3,1,2,1,6,1,2,1,2
-0.8500000000000001,0,0,1,2,2,2,1,2,0,1,0,0,1,5,1,4,1,5,1,9,1,4,1,2,1,3,1,3,1,2,1,4,1,2,1,3
-0.75,3,6,2,3,2,1,0,0,1,0,0,3,1,6,1,7,1,13,1,8,1,4,1,4,1,3,1,4,1,3,1,4,1,2,1,3
-0.6500000000000001,2,1,1,7,7,2,7,1,2,2,0,33,1,8,1,7,1,8,2,13,1,8,1,6,1,5,1,6,1,3,1,5,1,3,1,7
-0.55,4,7,2,3,4,7,4,7,0,6,0,5,7,26,1,11,1,10,2,15,1,11,1,7.899999999999977,1,6,1,8,1,5,12,33,1,5,1,5
-0.4500000000000002,27,8,3,4,8,14,7,19,3,5,8,17,8,24,2,14,2,16,3,15,1,13,8,27,1,10,2,15,1,9,1,12,1,10,1,8
-0.3500000000000001,16,11,12,9,15,15,14,12,4,15,13,8,6,21.049999999999955,2,18,6,24,2,17,5,21,4,21,2,17,3,19,1,14,3,17,8,31,3,19
-0.25,32,16,10,23,36,31,37,23,19,44,17,12,6,31,10,33,13,37,43,79,22,50,10,34,11,32,8,29,6,27,7,29,18,44,5,22
-0.1499999999999999,38,30,30,16,39,32,38,47,45,63,35,33,11,34,13,35,17,44,7,25,23,50,23,52,17,41,15,38,22,48,24,52,27,54,12,35
-0.04999999999999982,41,31,47,27,53,65,54,37,73,67,36,19,12,41,20,45,26,53,5,21,33,62,25,61,20,50,16,42,70,106,33,64,36,70,17,42
0.04999999999999982,29,28,68,36,48,76,28,28,91,54,77,20,17,40,17,45,23,54,4,21,30,61,31,62,22,50,17,41,67,106,34,65,38,70,17,42
0.1499999999999999,18,33,43,36,56,36,23,29,64,41,54,18,10,35,11,34,18,45,8,25.049999999999955,21,50,24,51,16,42,15,39,23,47,21,51,25,54,13,36
0.25,17,23,23,47,29,24,14,13,20,16,38,20,10,32,9,32,14,37,41,79.04999999999995,24,50,11,33,12,31,9,28.049999999999955,6,27.049999999999955,8,30,18,44,4,22
0.3500000000000001,8,13,16,29,20,11,7,5,9,8,31,6,4,22,3,18,5,25,3,17,4,21,4,20,3,16,4,20,1,14,2,17,11,30,3,18
0.4500000000000002,15,7,21,24,8,3,3,5,4,5,13,3,7,25,1,14,2,16,1,15,1,13,3,27,1,10,2,15,1,9,1,12,1,10,1,8
0.5499999999999998,14,10,11,20,8,3,0,4,4,5,10,0,7,26,1,11,1,11,1,15,1,11,1,8,1,6,1,8,1,5,11,33,1,4,1,5
0.6499999999999999,4,11,16,9,2,2,0,2,1,1,3,0,1,8,1,7,1,9,1,13,1,8,1,6,1,5,1,6,1,3,1,5,1,3,1,7
0.75,3,3,6,4,0,0,0,0,0,0,1,2,1,6,1,7,1,13,1,8,1,4,1,4,1,3,1,4,1,2,1,4,1,2,1,3
0.8500000000000001,14,0,1,9,0,0,0,0,0,1,1,1,1,4,1,4,1,5,1,9,1,4,1,3,1,3,1,3,1,3,1,4,1,2,1,2
0.9500000000000002,0,0,0,3,0,0,0,1,0,0,0,1,1,4,1,4.5499999999999545,1,3,1,7,1,3,1,2,1,2,1,3,1,2,1,6,1,1,1,2
1.0499999999999998,3,5,2,5,0,1,0,0,0,0,0,0,1,3,1,2,1,2.349999999999966,1,6,1,5,1,2,1,2,1,2,1,2,1,3,1,1,1,2
1.15,0,4,0,1,0,0,0,0,0,0,0,1,1,3,1,3,1,2,1,6,1,2,1,2,1,2,1,3,1,2,1,2,1,2,1,2
1.25,0,0,0,0,0,0,0,0,0,0,0,0,1,2,1,3,1,2,1,5,1,2,1,4,1,1,1,2,1,1,1,2,1,1,1,2
1.35,0,0,0,3,0,0,0,2,0,1,0,0,1,2,1,2,1,2,1,3,1,2,1,2,1,1,1,2,1,1,1,2,1,1,1,2
1.4500000000000002,0,0,0,2,0,0,0,0,0,1,0,0,1,2,1,2,1,2,1,3,1,2,1,1.25,1,1,1,1,1,1,1,1,1,1,1,1.3999999999999915
1.5499999999999998,0,0,0,0,0,0,0,0,0,0,0,0,1,2,1,2,1,2,1,2,1,2,1,1,1,1.0500000000000007,1,1,1,1,1,1.2000000000000028,1,1,1,1
1.6500000000000004,0,0,0,0,0,0,0,0,0,0,0,0,1,1,1,2,1,2,1,2,1,1,1,1,1,1,1,2,1,1,1,1.6999999999999886,1,1.5,1,1.3999999999999915
1.75,0,0,0,0,0,0,0,0,0,0,0,1,1,2,1,2,1,1,1,1.25,1,2,1,1,1,1,1,1,1,1,1,1.3999999999999986,1,1,1,1
1.8499999999999996,0,0,0,0,0,0,0,0,0,0,0,0,1,1,1,1,1,1.1999999999999957,1,2,1,1,1,1,1,1,1,1,1,1,1,1,1,1,1,1
1.9500000000000002,0,0,0,0,0,0,0,0,0,0,0,0,1,1,1,1,1,1,1,1,1,1,1,1,1,1,1,1,1,1,1,1,1,1.4499999999999993,1,1
2.05,0,0,0,0,0,0,0,0,0,0,0,0,1,1,1,1.6999999999999886,1,2,1,1,1,1,1,1,NA,NA,1,1.8999999999999915,1,1,1,1,1,1,1,1
2.1500000000000004,0,0,0,0,0,0,0,0,0,0,0,0,1,1,1,1,1,1.549999999999999,1,1,1,1,1,1,1,1,1,1,1,1,1,1,1,1,1,1.549999999999999
2.25,0,0,0,0,0,0,0,0,0,0,0,0,1,1,1,2,1,1,1,1,1,1,1,1,NA,NA,1,1,1,1,1,1,1,1,1,1
2.3500000000000005,0,0,0,0,0,0,0,0,0,0,0,0,1,1,1,1,1,1,1,2,1,1,1,1,1,1,1,1,1,1,1,1,1,1,1,1
2.45,0,0,0,0,0,0,0,0,0,0,0,0,1,1,1,1,1,1,1,1,1,1,1,1,1,1,1,1,1,1,1,1,1,1,1,1
