Site,Year,CE10_chr1_2194252,CE10_chr1_37606467,CE10_chr2_9572035,CE10_chr3_4173294,CE10_chr3_41433136,CE10_chr4_14588317,CE10_chr4_47525002,CE10_chr4_47526634,CE10_chr4_47528382,CE10_chr4_47529949,CE10_chr5_87957,CE10_chr5_2143113,CE10_chr5_5372874,CE10_chr5_43333872,CE10_chr5_44137687,CE10_chr5_49900960,CE10_chr6_7645338,CE10_chr6_7647997,CE10_chr6_28344498,CE10_chr6_52686281,CE10_chr6_52688912,CE10_chr6_56881447,CE10_chr6_56883486,CE10_chr6_56884448,CE10_chr7_1257809,CE10_chr7_37238108,CE10_chr7_43942673,CE10_chr8_1681484,CE10_chr8_6790020,CE10_chr8_9645784,CE10_chr8_18935914
10,2011,18,0,17,17,0,12,18,19,17,18,1,0,2,13,0,8,0,15,20,19,20,5,7,12,0,18,16,0,6,0,11
10,2012,15,0,15,15,0,5,19,19,18,19,1,0,11,10,2,10,1,12,20,16,19,10,13,10,2,15,18,4,7,0,12
10,2014,13,0,13,10,0,10,6,4,3,9,7,0,10,8,5,4,0,4,16,14,15,2,7,11,0,13,12,3,4,0,6
10,2015,15,0,17,16,0,3,16,16,16,16,1,0,7,11,3,12,2,6,18,10,16,8,12,10,2,16,15,6,6,0,6
10,2016,12,0,11,15,0,0,14,14,14,15,0,0,10,10,0,8,1,7,18,6,17,6,12,17,0,11,16,5,1,0,3
11,2010,14,1,11,19,0,3,10,13,12,14,7,0,5,17,2,6,0,9,18,10,18,3,14,15,0,8,18,0,2,0,3
11,2012,4,0,3,4,0,0,3,4,4,4,0,0,2,4,0,0,1,1,4,4,4,0,4,4,0,2,4,0,0,0,0
11,2014,6,0,8,9,0,1,5,6,6,5,5,0,3,7,0,6,0,7,10,8,8,5,5,5,0,7,10,2,5,1,0
11,2015,18,0,8,18,0,5,20,20,20,18,8,0,6,15,0,0,1,5,20,19,20,7,20,20,0,13,20,2,5,2,2
11,2016,18,0,12,18,0,3,9,11,11,18,4,0,6,18,0,6,0,5,18,18,18,4,18,18,0,15,18,0,0,0,0
12,2010,12,14,20,13,0,11,7,15,9,10,13,4,20,2,6,12,1,19,20,17,20,14,14,20,0,12,19,0,13,1,5
12,2011,9,9,14,14,0,6,1,13,1,3,13,4,13,4,0,8,2,12,14,13,14,11,12,12,0,12,14,0,2,4,10
12,2013,9,10,12,9,0,4,5,9,10,6,12,7,12,8,0,8,4,12,12,7,12,12,11,12,0,10,11,0,6,0,4
12,2015,9,10,10,10,0,6,1,7,3,4,8,7,10,4,6,8,1,10,10,3,10,10,10,10,0,7,9,0,2,0,9
12,2016,4,8,8,6,0,2,1,6,1,3,6,2,8,0,6,0,3,6,8,4,8,5,7,8,0,7,8,0,6,2,4
1,2010,16,3,18,7,1,6,8,13,14,12,6,3,17,6,3,2,1,14,18,15,18,15,16,14,4,18,18,2,13,2,17
1,2011,13,5,14,2,0,4,7,6,12,13,5,3,14,2,2,6,3,13,14,9,14,12,12,11,5,14,14,0,9,0,9
1,2012,11,5,12,3,0,8,3,7,8,8,5,8,12,4,0,0,1,9,12,7,12,12,10,10,0,12,12,1,7,3,9
1,2013,11,4,12,2,0,2,3,9,11,8,5,6,10,5,0,6,1,8,12,7,11,11,11,11,1,12,12,0,6,0,10
1,2014,16,5,20,0,0,8,11,9,15,15,8,6,16,8,0,8,0,18,20,12,20,16,18,14,4,19,20,0,14,0,12
2,2010,6,5,10,7,2,3,2,5,8,9,2,3,9,5,2,8,0,10,10,6,10,9,7,4,0,7,10,1,8,2,6
2,2011,11,7,12,10,2,8,5,7,8,9,4,2,12,5,7,8,0,12,12,8,12,7,7,8,6,12,12,3,12,0,9
2,2014,10,14,18,12,8,9,4,13,9,9,10,1,18,10,2,12,0,17,16,18,18,14,14,15,4,15,18,0,12,9,12
2,2015,12,14,14,14,3,14,4,10,10,11,7,5,14,8,6,14,0,14,14,14,14,11,10,14,2,12,14,0,12,2,10
2,2016,5,4,5,6,2,4,3,6,6,6,4,0,6,6,0,6,0,4,6,4,6,4,5,6,2,4,6,0,3,0,2
3,2010,9,0,8,12,1,4,7,10,11,6,3,0,11,11,1,8,0,7,14,10,12,9,8,6,5,10,14,1,2,0,13
3,2011,4,0,4,4,0,2,3,0,0,0,4,0,2,2,1,4,0,4,4,4,4,2,2,0,2,4,4,0,3,0,2
3,2012,3,0,6,6,0,1,2,6,6,6,5,0,5,2,0,2,0,4,6,2,4,6,6,4,1,6,6,1,2,0,6
3,2013,7,0,10,10,0,1,8,10,10,10,5,0,6,4,0,7,0,9,10,10,10,8,8,8,1,10,10,0,8,2,7
3,2014,10,0,16,16,0,3,13,16,14,16,5,0,16,7,0,13,0,5,16,9,13,10,11,5,4,16,16,1,9,0,12
3,2015,8,0,18,16,0,4,10,16,12,14,5,0,12,9,0,10,1,13,18,14,16,13,13,9,6,18,17,3,8,0,14
3,2016,5,0,8,8,0,3,4,8,8,8,2,0,6,6,0,8,0,3,8,5,8,8,8,7,2,8,8,0,4,1,7
4,2010,5,0,9,10,0,0,7,7,6,7,0,0,6,5,0,4,0,5,10,2,8,3,2,4,0,7,10,1,3,0,7
4,2011,4,0,4,4,0,0,1,3,0,2,0,0,0,0,0,0,0,2,4,4,3,2,2,0,0,4,4,0,3,0,3
4,2012,14,0,18,14,0,1,14,13,14,15,4,0,14,7,1,7,0,2,18,10,16,6,9,3,4,16,16,2,10,0,16
4,2013,5,0,8,8,0,0,7,8,6,7,0,0,1,3,0,2,0,4,8,6,8,6,5,4,2,7,8,0,3,0,7
4,2014,2,0,2,2,0,0,2,0,0,0,0,0,0,0,0,2,0,1,2,0,1,2,2,0,0,2,2,0,1,0,1
5,2010,11,0,14,13,0,7,12,3,6,6,3,2,11,5,1,10,1,12,14,3,12,9,10,6,4,14,14,5,13,0,11
5,2012,14,0,20,20,0,7,18,18,11,14,8,0,16,12,0,6,0,9,20,11,16,15,16,6,11,18,20,5,10,0,12
5,2014,8,0,12,10,0,1,9,10,9,9,2,0,12,5,3,9,0,9,12,11,12,5,7,3,11,12,11,0,7,0,8
5,2015,8,0,12,11,0,4,11,7,3,6,4,0,12,5,1,8,1,6,12,7,12,10,9,5,6,11,10,6,10,0,6
5,2016,7,0,10,11,0,8,8,10,2,3,2,0,10,8,2,8,0,9,12,5,10,12,12,9,4,12,10,6,7,0,5
6,2010,19,0,14,20,0,5,12,13,12,14,5,0,13,10,1,5,0,3,15,8,17,12,15,10,6,13,20,12,7,0,14
6,2013,4,0,1,4,0,0,2,3,2,2,0,0,1,2,0,0,1,1,4,1,4,3,4,4,0,3,4,3,1,0,4
6,2014,11,0,11,12,0,3,12,13,8,14,4,0,9,4,0,4,2,5,11,7,16,5,5,4,1,14,14,5,1,0,8
6,2015,1,0,3,3,0,0,3,4,4,4,2,0,0,0,0,0,1,3,3,0,4,0,2,1,0,3,4,0,0,0,2
6,2016,2,0,0,2,0,0,2,2,2,2,0,0,2,0,0,0,0,0,2,2,2,2,2,2,0,0,2,1,0,0,0
7,2010,2,1,6,6,0,0,0,1,0,0,1,0,4,0,0,0,0,0,2,2,7,9,9,6,0,3,5,0,0,0,11
7,2012,7,0,14,6,0,0,6,6,2,4,4,0,8,1,0,3,2,2,9,0,9,7,12,8,0,0,8,0,1,0,5
7,2013,4,0,14,6,0,0,7,11,4,8,0,0,3,0,0,3,1,1,6,0,12,14,15,12,0,0,7,0,2,0,7
7,2014,2,0,11,9,0,0,2,3,2,1,0,0,1,0,0,0,1,5,8,0,10,8,7,7,0,0,4,0,0,0,18
7,2016,0,0,4,9,0,0,0,0,0,0,0,0,0,0,0,3,0,5,8,0,4,6,5,6,0,0,4,0,1,0,14
8,2011,5,0,2,8,1,4,8,5,2,5,0,0,5,8,0,5,0,8,8,3,8,8,8,8,0,1,8,6,2,0,5
8,2014,0,0,0,2,0,0,2,0,0,0,0,0,0,0,0,2,0,2,2,0,2,2,2,2,2,0,2,2,0,0,2
8,2015,9,0,4,10,1,2,10,9,6,6,0,0,8,7,1,4,2,8,10,7,10,10,10,10,0,4,9,4,1,0,3
8,2016,10,0,12,18,2,6,16,8,2,4,0,0,9,12,4,8,0,11,16,10,17,17,17,17,0,5,16,6,6,0,10
9,2010,15,0,0,15,0,12,17,16,16,16,6,0,12,10,0,4,0,1,18,6,17,6,16,14,1,8,16,2,7,0,5
9,2012,8,0,1,8,0,3,8,8,8,8,0,0,8,3,2,0,0,3,8,1,7,4,6,8,0,1,8,0,6,0,0
9,2013,7,1,2,8,0,3,5,8,4,6,3,1,2,8,0,4,0,4,8,7,8,2,8,8,0,6,8,1,3,1,0
9,2014,10,0,2,10,0,2,8,4,6,4,0,0,9,4,4,2,0,3,10,1,10,3,8,8,3,5,10,0,1,0,3
9,2015,14,0,0,14,0,9,14,12,12,13,0,0,11,9,2,4,0,6,14,6,14,4,11,12,0,4,13,3,5,0,0
9,2016,15,0,4,20,0,6,20,20,18,19,1,0,15,13,0,1,0,4,20,5,20,11,20,20,0,10,20,2,3,0,2
