Site,snp_ID,Slope,SE,ENV,Type
1,CE10_chr1_444798,0.3112317118088004,0.30635461627452343,MAP,obs
2,CE10_chr1_444798,0.014842841443550194,0.22027345159106743,MAP,obs
3,CE10_chr1_444798,-0.17726790434541237,0.1311448187607388,MAP,obs
4,CE10_chr1_444798,-0.15770435485367096,0.2724893560090766,MAP,obs
5,CE10_chr1_444798,-0.0842572788373695,0.12016842535547724,MAP,obs
6,CE10_chr1_444798,-0.26215448396960755,0.15202577382951935,MAP,obs
7,CE10_chr1_444798,-0.013265150643261753,0.1090255543650125,MAP,obs
8,CE10_chr1_444798,-0.058908948522087834,0.28314492055354634,MAP,obs
9,CE10_chr1_444798,0.1743258607639769,0.1332002453702002,MAP,obs
10,CE10_chr1_444798,-0.02904664922599961,0.11657485622645669,MAP,obs
11,CE10_chr1_444798,-0.1621618281748635,0.15965861551191268,MAP,obs
12,CE10_chr1_444798,0.010584242159850599,0.14565399282285285,MAP,obs
1,CE10_chr1_12558579,0.7788728978359509,0.24048570721841386,MAP,obs
2,CE10_chr1_12558579,-0.1771488115327793,0.1695089457503661,MAP,obs
3,CE10_chr1_12558579,-0.06280554366985161,26604.52407869081,MAP,obs
4,CE10_chr1_12558579,0.15657656783658636,34084.655397507515,MAP,obs
5,CE10_chr1_12558579,-7.414642725761238e-5,19330.240274756827,MAP,obs
6,CE10_chr1_12558579,0.25482708968577716,20996.23939668695,MAP,obs
7,CE10_chr1_12558579,-11.498920980101774,19779.743974551548,MAP,obs
8,CE10_chr1_12558579,-0.1226659009943565,20605.882992165392,MAP,obs
9,CE10_chr1_12558579,-0.04912757816417676,15446.859454106618,MAP,obs
10,CE10_chr1_12558579,0.026343009947804634,20678.78528779671,MAP,obs
11,CE10_chr1_12558579,0.3968616900748379,0.5013208861934262,MAP,obs
12,CE10_chr1_12558579,0.10743921564759794,17493.445105932733,MAP,obs
1,CE10_chr1_36921933,22.814851007215292,56805.968155181006,MAP,obs
2,CE10_chr1_36921933,-0.17110098019433229,0.2742653924465228,MAP,obs
3,CE10_chr1_36921933,0.34605541922546146,0.13169413396475127,MAP,obs
4,CE10_chr1_36921933,0.04436094469748973,0.34952351859430325,MAP,obs
5,CE10_chr1_36921933,0.1215037818432981,0.13363110132717637,MAP,obs
6,CE10_chr1_36921933,-0.07540986440683883,0.14864127982786618,MAP,obs
7,CE10_chr1_36921933,-0.013561702716841796,0.11150154115085006,MAP,obs
8,CE10_chr1_36921933,0.18524204199831018,0.1804498883369945,MAP,obs
9,CE10_chr1_36921933,-0.24380766507382146,0.10813211291456727,MAP,obs
10,CE10_chr1_36921933,0.2729870255636841,0.13353717684472738,MAP,obs
11,CE10_chr1_36921933,-0.3804920428352257,0.11650356210119361,MAP,obs
12,CE10_chr1_36921933,-0.11909976422601755,17333.085618816578,MAP,obs
1,CE10_chr1_37863528,-0.36216367141637507,0.21559340778675834,MAP,obs
2,CE10_chr1_37863528,-0.009988691802738597,19279.37327678534,MAP,obs
3,CE10_chr1_37863528,NA,NA,MAP,obs
4,CE10_chr1_37863528,8.749590539248671e-10,94013.89899930783,MAP,obs
5,CE10_chr1_37863528,-0.11573154965429484,22262.38182551802,MAP,obs
6,CE10_chr1_37863528,NA,NA,MAP,obs
7,CE10_chr1_37863528,-0.10585665769263897,24955.28298147962,MAP,obs
8,CE10_chr1_37863528,NA,NA,MAP,obs
9,CE10_chr1_37863528,NA,NA,MAP,obs
10,CE10_chr1_37863528,NA,NA,MAP,obs
11,CE10_chr1_37863528,-0.09963699714070826,16428.8830530654,MAP,obs
12,CE10_chr1_37863528,-0.11909976422601755,17333.085618816578,MAP,obs
1,CE10_chr1_38804192,-0.47899762032647614,0.5575918905315305,MAP,obs
2,CE10_chr1_38804192,0.039338579013161325,0.279021433252584,MAP,obs
3,CE10_chr1_38804192,-0.3469048647291502,0.1736364548636074,MAP,obs
4,CE10_chr1_38804192,0.2892445104164815,0.2832435220082426,MAP,obs
5,CE10_chr1_38804192,-0.7496075927501278,0.4027888662157342,MAP,obs
6,CE10_chr1_38804192,0.10240359218922643,0.13912820133228695,MAP,obs
7,CE10_chr1_38804192,-0.033201949218827374,0.127464758787292,MAP,obs
8,CE10_chr1_38804192,0.5778429151497297,0.30314759827026005,MAP,obs
9,CE10_chr1_38804192,0.1049763220120897,0.10172190225100534,MAP,obs
10,CE10_chr1_38804192,-0.1480464264113279,0.14083702926466551,MAP,obs
11,CE10_chr1_38804192,0.26745075090384407,0.10851857971864787,MAP,obs
12,CE10_chr1_38804192,-0.10874456919363065,17253.906504618823,MAP,obs
1,CE10_chr1_38806089,-0.34873515891705736,0.597534958880607,MAP,obs
2,CE10_chr1_38806089,0.23351294087503174,0.2605448130018109,MAP,obs
3,CE10_chr1_38806089,0.05708722563270281,0.11971699091394171,MAP,obs
4,CE10_chr1_38806089,0.16449366005853042,0.2690844078777934,MAP,obs
5,CE10_chr1_38806089,-0.10206004068817603,0.12358886948985988,MAP,obs
6,CE10_chr1_38806089,0.13715038114913436,0.257286954844799,MAP,obs
7,CE10_chr1_38806089,-0.35095079544959745,0.2364754352365537,MAP,obs
8,CE10_chr1_38806089,0.5191357969141397,0.33957524532041305,MAP,obs
9,CE10_chr1_38806089,0.08009998122456127,0.10112634326722793,MAP,obs
10,CE10_chr1_38806089,-0.06345302700740617,0.27137790162773706,MAP,obs
11,CE10_chr1_38806089,0.26089993483379,0.12007352837010468,MAP,obs
12,CE10_chr1_38806089,1.2968659291878294e-9,19685.944845487884,MAP,obs
1,CE10_chr1_38809930,0.1238778897743557,0.21521862120688337,MAP,obs
2,CE10_chr1_38809930,-0.01733733599506426,0.13442103874659078,MAP,obs
3,CE10_chr1_38809930,-21.51139998736055,34835.75747698212,MAP,obs
4,CE10_chr1_38809930,0.13531494359068594,33688.90164488572,MAP,obs
5,CE10_chr1_38809930,-0.12221602453877932,0.17736018926684202,MAP,obs
6,CE10_chr1_38809930,-0.07988610145008972,0.34097523023413084,MAP,obs
7,CE10_chr1_38809930,-0.25048950879595433,0.17875734315418065,MAP,obs
8,CE10_chr1_38809930,0.5191357969141397,0.33957524532041305,MAP,obs
9,CE10_chr1_38809930,0.08296628965241792,0.10481612714562795,MAP,obs
10,CE10_chr1_38809930,-1.3393457184379956e-13,0.22396956094543832,MAP,obs
11,CE10_chr1_38809930,0.25729871068090193,0.11931335675098867,MAP,obs
12,CE10_chr1_38809930,-0.01176621230574829,19891.35923472465,MAP,obs
1,CE10_chr1_42800221,0.2839613084782468,0.3217010309498895,MAP,obs
2,CE10_chr1_42800221,-0.01727081091368707,18794.98676483681,MAP,obs
3,CE10_chr1_42800221,-0.05270103552868938,0.18179108309693934,MAP,obs
4,CE10_chr1_42800221,-0.03282393108044238,0.33934344768891833,MAP,obs
5,CE10_chr1_42800221,0.3071301082517987,0.1799041673319619,MAP,obs
6,CE10_chr1_42800221,0.25248279881295693,0.15793546389623547,MAP,obs
7,CE10_chr1_42800221,-0.09731021785901489,0.10977529893414072,MAP,obs
8,CE10_chr1_42800221,-21.586878107901743,38512.80002162784,MAP,obs
9,CE10_chr1_42800221,-0.09764582091578274,0.11941224188355383,MAP,obs
10,CE10_chr1_42800221,-0.02698378019179538,0.11622097274943435,MAP,obs
11,CE10_chr1_42800221,-0.07985533822042887,0.11364029871117061,MAP,obs
12,CE10_chr1_42800221,21.9941433803784,42181.458382452176,MAP,obs
1,CE10_chr2_3286564,0.1691207245975789,0.2839117304748937,MAP,obs
2,CE10_chr2_3286564,-0.002111008000075572,0.24753313170296004,MAP,obs
3,CE10_chr2_3286564,0.09651954252749062,0.1217325105361708,MAP,obs
4,CE10_chr2_3286564,-0.2892445104158911,0.2832434352969589,MAP,obs
5,CE10_chr2_3286564,0.00769121566069053,0.11876411203178817,MAP,obs
6,CE10_chr2_3286564,0.25482708968577716,20996.23939668695,MAP,obs
7,CE10_chr2_3286564,-11.498920980101774,19779.743974551548,MAP,obs
8,CE10_chr2_3286564,-0.10275117562408397,0.1719874460267052,MAP,obs
9,CE10_chr2_3286564,-0.169644713766123,0.15374240264187142,MAP,obs
10,CE10_chr2_3286564,0.09085230178575958,0.11432445632715836,MAP,obs
11,CE10_chr2_3286564,0.07288879432879487,0.10526197384235858,MAP,obs
12,CE10_chr2_3286564,-0.05926398402083954,0.11276505564779322,MAP,obs
1,CE10_chr2_5171393,0.011702005796964152,0.3850258646654948,MAP,obs
2,CE10_chr2_5171393,0.039338579013116055,0.2790214363743151,MAP,obs
3,CE10_chr2_5171393,0.004179417384709438,0.14082079653411095,MAP,obs
4,CE10_chr2_5171393,-0.11405715344188587,0.3404181180344609,MAP,obs
5,CE10_chr2_5171393,0.4362665684411426,0.1546591768280697,MAP,obs
6,CE10_chr2_5171393,-0.34313575292843174,0.17549502155584476,MAP,obs
7,CE10_chr2_5171393,-0.5184805932222248,0.17143797110740072,MAP,obs
8,CE10_chr2_5171393,-0.32169083368023615,0.2182157487112905,MAP,obs
9,CE10_chr2_5171393,0.08439319728671701,0.10294919804586676,MAP,obs
10,CE10_chr2_5171393,-0.01878354660794276,0.111911889970345,MAP,obs
11,CE10_chr2_5171393,0.13811082397257401,0.1045839439322916,MAP,obs
12,CE10_chr2_5171393,-0.6519874696698227,0.6858423457430585,MAP,obs
1,CE10_chr2_9310245,-0.013683146884374954,26614.599992389267,MAP,obs
2,CE10_chr2_9310245,-0.23558980337936417,0.5873178686637095,MAP,obs
3,CE10_chr2_9310245,0.18392177463340156,0.17001065416605188,MAP,obs
4,CE10_chr2_9310245,-0.6213161703958133,0.34283995586956173,MAP,obs
5,CE10_chr2_9310245,0.15326424144462347,0.15522773719983884,MAP,obs
6,CE10_chr2_9310245,-0.2594208796149808,0.15410090506170818,MAP,obs
7,CE10_chr2_9310245,-0.040589627979228424,0.11019615870264514,MAP,obs
8,CE10_chr2_9310245,-0.09541514413691442,0.19631479495300036,MAP,obs
9,CE10_chr2_9310245,0.14022127415290747,0.12098559411352403,MAP,obs
10,CE10_chr2_9310245,0.16216170396226182,0.1162344859277289,MAP,obs
11,CE10_chr2_9310245,0.10935794435893592,0.1092303652784498,MAP,obs
12,CE10_chr2_9310245,-0.10743829275538354,17493.431043814966,MAP,obs
1,CE10_chr2_18697479,-0.04120722021140827,23656.769748654595,MAP,obs
2,CE10_chr2_18697479,-0.0666675242670649,0.5295272275026253,MAP,obs
3,CE10_chr2_18697479,-0.33166175680951443,0.2898263897036161,MAP,obs
4,CE10_chr2_18697479,-1.3441774017122583,1.0755154229444435,MAP,obs
5,CE10_chr2_18697479,-0.1903363699483771,21601.290877533735,MAP,obs
6,CE10_chr2_18697479,0.07975672470771272,0.343654397266569,MAP,obs
7,CE10_chr2_18697479,0.3308931261704459,0.39430382846224393,MAP,obs
8,CE10_chr2_18697479,-21.586878107901743,38512.80002162784,MAP,obs
9,CE10_chr2_18697479,0.5173320277581956,0.3952703685308589,MAP,obs
10,CE10_chr2_18697479,-0.6759354637360355,0.5249536574000088,MAP,obs
11,CE10_chr2_18697479,0.5386076153475258,0.31541467242768,MAP,obs
12,CE10_chr2_18697479,NA,NA,MAP,obs
1,CE10_chr2_18765457,-0.44093546915663595,0.79699340412035935,MAP,obs
2,CE10_chr2_18765457,-0.742423552559675,1.0075238621362526,MAP,obs
3,CE10_chr2_18765457,0.018221414851450318,0.12786550833511737,MAP,obs
4,CE10_chr2_18765457,-0.3133271511459819,0.3612974830426346,MAP,obs
5,CE10_chr2_18765457,-1.0693606428482616,0.3588677340074833,MAP,obs
6,CE10_chr2_18765457,-0.11199296048071945,0.33470863336895584,MAP,obs
7,CE10_chr2_18765457,0.028799173738351808,19547.25373654035,MAP,obs
8,CE10_chr2_18765457,0.12266592559435237,20605.888784812152,MAP,obs
9,CE10_chr2_18765457,0.015039918475256781,0.17289868634359423,MAP,obs
10,CE10_chr2_18765457,0.2839242188836388,0.24730808844732763,MAP,obs
11,CE10_chr2_18765457,0.2579753111785444,0.14730400954021486,MAP,obs
12,CE10_chr2_18765457,-0.11909976422601755,17333.085618816578,MAP,obs
1,CE10_chr3_6980387,-0.020189622334577925,25389.973451038695,MAP,obs
2,CE10_chr3_6980387,-0.01534924550950059,18882.708378120824,MAP,obs
3,CE10_chr3_6980387,-0.07954109307666621,27163.594045745314,MAP,obs
4,CE10_chr3_6980387,0.1548314098638634,34533.337800196365,MAP,obs
5,CE10_chr3_6980387,0.08830949234273373,19596.845233387936,MAP,obs
6,CE10_chr3_6980387,0.25482708968577716,20996.23939668695,MAP,obs
7,CE10_chr3_6980387,-0.021820511876255673,19952.2938946584,MAP,obs
8,CE10_chr3_6980387,-6.118755712326787e-14,51432.2743695708,MAP,obs
9,CE10_chr3_6980387,-0.11795318846662749,0.4369868991826249,MAP,obs
10,CE10_chr3_6980387,0.026621078486552128,20820.2423421203,MAP,obs
11,CE10_chr3_6980387,0.08396789502324026,0.44591645096575405,MAP,obs
12,CE10_chr3_6980387,-0.3357876868074213,0.13640697993911807,MAP,obs
1,CE10_chr3_18772534,0.00667940157148876,25587.68602558613,MAP,obs
2,CE10_chr3_18772534,-23.83815086869097,34409.908618213696,MAP,obs
3,CE10_chr3_18772534,-0.18805206825383328,0.15375983249334071,MAP,obs
4,CE10_chr3_18772534,-0.6822126919260816,0.4007716843813883,MAP,obs
5,CE10_chr3_18772534,-0.6046702956890277,0.4449890107745217,MAP,obs
6,CE10_chr3_18772534,-0.33420616694632205,0.15523031413949978,MAP,obs
7,CE10_chr3_18772534,-0.07056908381346103,0.1350757471133307,MAP,obs
8,CE10_chr3_18772534,-0.29300577459154403,0.27756598184339376,MAP,obs
9,CE10_chr3_18772534,-0.00918195428555837,0.13078321177415222,MAP,obs
10,CE10_chr3_18772534,1.14255815757927e-14,0.12310392596815332,MAP,obs
11,CE10_chr3_18772534,0.0991507488684542,0.10765108677430338,MAP,obs
12,CE10_chr3_18772534,-0.11909976422601755,17333.085618816578,MAP,obs
1,CE10_chr3_19541189,22.70620341443551,56961.40735899042,MAP,obs
2,CE10_chr3_19541189,-23.556086474227914,36599.77989116247,MAP,obs
3,CE10_chr3_19541189,-0.08090014330815808,0.14440514552193345,MAP,obs
4,CE10_chr3_19541189,-0.6652560645575817,0.3876459877626632,MAP,obs
5,CE10_chr3_19541189,-0.8639938105653566,0.5885744156556733,MAP,obs
6,CE10_chr3_19541189,-0.37250618526970736,0.16346880799194757,MAP,obs
7,CE10_chr3_19541189,-0.060017494025173874,0.1293889631460662,MAP,obs
8,CE10_chr3_19541189,-0.30808252213243,0.3029569198405459,MAP,obs
9,CE10_chr3_19541189,0.005045987119781026,0.12632454939106602,MAP,obs
10,CE10_chr3_19541189,0.1499456047224853,0.12063717345870041,MAP,obs
11,CE10_chr3_19541189,0.04872275103907865,0.10383507132022758,MAP,obs
12,CE10_chr3_19541189,-0.11909976422601755,17333.085618816578,MAP,obs
1,CE10_chr3_25122852,0.2859556949853291,0.2719315651080097,MAP,obs
2,CE10_chr3_25122852,-1.2956481876118704,0.8258148445134926,MAP,obs
3,CE10_chr3_25122852,0.07585063063903699,0.13570118982339005,MAP,obs
4,CE10_chr3_25122852,-0.8745231877960281,0.33472900862110844,MAP,obs
5,CE10_chr3_25122852,0.1748226686275678,0.14481710392640867,MAP,obs
6,CE10_chr3_25122852,0.16816583826378126,0.16089205823071837,MAP,obs
7,CE10_chr3_25122852,-0.34680723366503985,0.14535502057355468,MAP,obs
8,CE10_chr3_25122852,0.1329288670686489,0.1735627139080424,MAP,obs
9,CE10_chr3_25122852,0.10135682261648829,0.10264590552282825,MAP,obs
10,CE10_chr3_25122852,0.039729695785666305,0.11645484751335643,MAP,obs
11,CE10_chr3_25122852,0.08970553698626735,0.10449473955963905,MAP,obs
12,CE10_chr3_25122852,-0.11948497679972882,17058.382575277825,MAP,obs
1,CE10_chr3_31533872,1.0005490344047985,0.5134377017205547,MAP,obs
2,CE10_chr3_31533872,-23.866458793190695,34900.406598581125,MAP,obs
3,CE10_chr3_31533872,-0.0461452084265908,0.11870123351382786,MAP,obs
4,CE10_chr3_31533872,-0.7980475595740432,0.36961292358358405,MAP,obs
5,CE10_chr3_31533872,-0.05829160412348331,0.14374066962436977,MAP,obs
6,CE10_chr3_31533872,0.02639568757288304,0.15572883473465776,MAP,obs
7,CE10_chr3_31533872,-0.19860233711268913,0.14868407073729295,MAP,obs
8,CE10_chr3_31533872,-0.07387432673782683,0.17037868672421663,MAP,obs
9,CE10_chr3_31533872,0.28062173046759237,0.11548748939164646,MAP,obs
10,CE10_chr3_31533872,0.10528572452316265,0.11336428878836029,MAP,obs
11,CE10_chr3_31533872,0.07760665286630718,0.1005517141439366,MAP,obs
12,CE10_chr3_31533872,-0.10743829275538354,17493.431043814966,MAP,obs
1,CE10_chr3_34111168,0.528725974490836,0.33660548297695925,MAP,obs
2,CE10_chr3_34111168,-24.196169895901754,31433.07061569149,MAP,obs
3,CE10_chr3_34111168,0.019520172304048507,0.1272606307725814,MAP,obs
4,CE10_chr3_34111168,-0.8849167527272384,0.34725458450714464,MAP,obs
5,CE10_chr3_34111168,0.12276212744743516,0.1455214890372666,MAP,obs
6,CE10_chr3_34111168,0.014579194687947812,0.1672117077265367,MAP,obs
7,CE10_chr3_34111168,-11.137979760755172,20843.846589748093,MAP,obs
8,CE10_chr3_34111168,-0.003199423383057901,0.17425989572686837,MAP,obs
9,CE10_chr3_34111168,0.25475811770964074,0.1099219327757489,MAP,obs
10,CE10_chr3_34111168,0.07181923027141611,0.11352336016597428,MAP,obs
11,CE10_chr3_34111168,0.21245282807323151,0.10431151328456054,MAP,obs
12,CE10_chr3_34111168,-0.11909976422601755,17333.085618816578,MAP,obs
1,CE10_chr3_34361182,0.821955702772684,0.41813450943807845,MAP,obs
2,CE10_chr3_34361182,-0.6286217775041595,0.40093745382571466,MAP,obs
3,CE10_chr3_34361182,0.06475058338338317,0.13295842464044175,MAP,obs
4,CE10_chr3_34361182,-1.2080413594945933,0.40556019013847777,MAP,obs
5,CE10_chr3_34361182,0.08043853132801992,0.13371181564651816,MAP,obs
6,CE10_chr3_34361182,0.014579194687947812,0.1672117077265367,MAP,obs
7,CE10_chr3_34361182,-0.2550990257065674,0.14176573636465392,MAP,obs
8,CE10_chr3_34361182,0.1329288670686489,0.1735627139080424,MAP,obs
9,CE10_chr3_34361182,0.24130746766494074,0.10833016323223141,MAP,obs
10,CE10_chr3_34361182,-0.0696715580169475,0.11280417890347438,MAP,obs
11,CE10_chr3_34361182,0.16317666136590478,0.10223753354229795,MAP,obs
12,CE10_chr3_34361182,21.9941433803784,42181.458382452176,MAP,obs
1,CE10_chr3_34906405,0.5422590044044511,0.3391150755260585,MAP,obs
2,CE10_chr3_34906405,-0.1980888540452734,0.5669386644810617,MAP,obs
3,CE10_chr3_34906405,-0.9146613191915869,0.6542515516626985,MAP,obs
4,CE10_chr3_34906405,0.5444504915055125,0.5822666961862217,MAP,obs
5,CE10_chr3_34906405,-0.06347618899157711,0.3398306490765849,MAP,obs
6,CE10_chr3_34906405,-0.13377039140251337,0.17079193501477663,MAP,obs
7,CE10_chr3_34906405,-0.14377379181735503,0.13204603696978137,MAP,obs
8,CE10_chr3_34906405,-0.3185100576258451,0.1802103391794225,MAP,obs
9,CE10_chr3_34906405,-0.2492106761987859,0.11337063558532033,MAP,obs
10,CE10_chr3_34906405,0.06523339588753689,0.12285649661037354,MAP,obs
11,CE10_chr3_34906405,-0.19078489075286825,0.11092190576564981,MAP,obs
12,CE10_chr3_34906405,-0.11905657118125715,17836.021288447133,MAP,obs
1,CE10_chr3_45576452,0.23794609822950952,0.4901081852676439,MAP,obs
2,CE10_chr3_45576452,22.57630528489624,36998.30293620759,MAP,obs
3,CE10_chr3_45576452,0.446895964217671,0.16333787782749717,MAP,obs
4,CE10_chr3_45576452,0.09916141847966149,0.3364472096875442,MAP,obs
5,CE10_chr3_45576452,0.18212182032026103,0.14532437859974837,MAP,obs
6,CE10_chr3_45576452,0.03689716381616187,0.20175418325410832,MAP,obs
7,CE10_chr3_45576452,-0.14084928629707316,0.11744422795484952,MAP,obs
8,CE10_chr3_45576452,-21.38398166141013,38904.66077462519,MAP,obs
9,CE10_chr3_45576452,0.17176858081313753,0.11255128677258347,MAP,obs
10,CE10_chr3_45576452,0.27569964410950587,0.12255837834111039,MAP,obs
11,CE10_chr3_45576452,10.697290441680899,20122.34300287398,MAP,obs
12,CE10_chr3_45576452,-0.11909976422601755,17333.085618816578,MAP,obs
1,CE10_chr3_49427972,24.30858500718172,52572.59007215453,MAP,obs
2,CE10_chr3_49427972,-0.04245368330363322,19190.13978121958,MAP,obs
3,CE10_chr3_49427972,-0.17404876815440093,0.20435459395900712,MAP,obs
4,CE10_chr3_49427972,0.054717026853283314,0.4388745525792621,MAP,obs
5,CE10_chr3_49427972,0.2197859431981798,0.1959266464949508,MAP,obs
6,CE10_chr3_49427972,0.23682960249230497,0.22625901025925815,MAP,obs
7,CE10_chr3_49427972,-11.232341510607561,20910.667490892556,MAP,obs
8,CE10_chr3_49427972,-0.19050827093155615,0.5374193806156629,MAP,obs
9,CE10_chr3_49427972,-0.7025584024985457,0.7175880351740069,MAP,obs
10,CE10_chr3_49427972,-0.9514793687595289,0.8143974284705205,MAP,obs
11,CE10_chr3_49427972,0.03927530138348092,0.229215407044688,MAP,obs
12,CE10_chr3_49427972,-0.11909976422601755,17333.085618816578,MAP,obs
1,CE10_chr4_43424322,0.00667940157148876,25587.68602558613,MAP,obs
2,CE10_chr4_43424322,-0.027450614180367462,18836.9610464306,MAP,obs
3,CE10_chr4_43424322,20.771278446490857,35416.54607251034,MAP,obs
4,CE10_chr4_43424322,-0.1548320890768733,34533.34068371869,MAP,obs
5,CE10_chr4_43424322,-0.049321876008129,18869.615806404625,MAP,obs
6,CE10_chr4_43424322,0.047732570966371235,0.1618727713154963,MAP,obs
7,CE10_chr4_43424322,0.03482830949781625,0.14037375618898332,MAP,obs
8,CE10_chr4_43424322,0.12266592559435237,20605.888784812152,MAP,obs
9,CE10_chr4_43424322,-22.68346139887357,40977.56480477357,MAP,obs
10,CE10_chr4_43424322,-0.017477216551038247,20746.89802699489,MAP,obs
11,CE10_chr4_43424322,0.04443936956450923,15469.794716593393,MAP,obs
12,CE10_chr4_43424322,-0.10743829275538354,17493.431043814966,MAP,obs
1,CE10_chr4_49079132,2.6357314438082023e-12,0.4056809074383583,MAP,obs
2,CE10_chr4_49079132,-0.14559241071841983,0.18136687861792017,MAP,obs
3,CE10_chr4_49079132,-0.0196338243506816,0.11841089831701856,MAP,obs
4,CE10_chr4_49079132,0.6066007301852845,0.3692420248329532,MAP,obs
5,CE10_chr4_49079132,-8.256609980398839e-14,0.12550879505708554,MAP,obs
6,CE10_chr4_49079132,-0.14364251234357772,0.16143675530561039,MAP,obs
7,CE10_chr4_49079132,0.08553698328638784,0.12577365791198694,MAP,obs
8,CE10_chr4_49079132,-0.08775337767393736,21174.48841673797,MAP,obs
9,CE10_chr4_49079132,0.08678658019538112,0.23356690455607015,MAP,obs
10,CE10_chr4_49079132,-0.5956727643322188,0.5425905477059635,MAP,obs
11,CE10_chr4_49079132,-0.06838030226956342,0.16339060858175156,MAP,obs
12,CE10_chr4_49079132,-0.18998353162899678,0.12303871229938225,MAP,obs
1,CE10_chr5_9282000,0.028832878302253433,25931.974214770526,MAP,obs
2,CE10_chr5_9282000,-22.995839305837173,38567.27930700274,MAP,obs
3,CE10_chr5_9282000,0.049627634486878416,26608.067716338723,MAP,obs
4,CE10_chr5_9282000,-0.2293383169343081,0.6460215531660732,MAP,obs
5,CE10_chr5_9282000,-0.05781759097811574,0.15045282599334742,MAP,obs
6,CE10_chr5_9282000,0.280823470908156,0.20838064003648923,MAP,obs
7,CE10_chr5_9282000,0.005487107052884985,20263.895944612996,MAP,obs
8,CE10_chr5_9282000,0.28980330466977183,0.19073121704065044,MAP,obs
9,CE10_chr5_9282000,0.08295319743846254,0.1313323764454244,MAP,obs
10,CE10_chr5_9282000,-0.09415375969130835,0.12539914732292734,MAP,obs
11,CE10_chr5_9282000,5.5120686823907175,9981.431784045573,MAP,obs
12,CE10_chr5_9282000,-0.11909976422601755,17333.085618816578,MAP,obs
1,CE10_chr5_9839887,-0.4628793518645119,0.5566492065191959,MAP,obs
2,CE10_chr5_9839887,23.048119815712447,35409.38007167486,MAP,obs
3,CE10_chr5_9839887,0.2860467982837394,0.21115294988844233,MAP,obs
4,CE10_chr5_9839887,1.3866880482441533,0.4715598264291119,MAP,obs
5,CE10_chr5_9839887,0.009278503563814601,0.14034654131346333,MAP,obs
6,CE10_chr5_9839887,0.33245352703607445,0.15336824735036347,MAP,obs
7,CE10_chr5_9839887,-0.30570097923868234,0.1594070598569761,MAP,obs
8,CE10_chr5_9839887,0.08100081854106715,0.1976869760103983,MAP,obs
9,CE10_chr5_9839887,0.1650097914395324,0.11769176051596447,MAP,obs
10,CE10_chr5_9839887,0.038276209012638646,0.17613654088823225,MAP,obs
11,CE10_chr5_9839887,-0.003917605808664152,0.1713273186243382,MAP,obs
12,CE10_chr5_9839887,-0.14563940647644483,17736.221852772516,MAP,obs
1,CE10_chr5_41935919,23.405471392242976,55430.285024621306,MAP,obs
2,CE10_chr5_41935919,-0.027450614180367462,18836.9610464306,MAP,obs
3,CE10_chr5_41935919,-0.3424029158151662,0.12782507091617007,MAP,obs
4,CE10_chr5_41935919,-0.2400036289927494,0.28546388130087663,MAP,obs
5,CE10_chr5_41935919,-0.0330177989838839,0.12013613518557421,MAP,obs
6,CE10_chr5_41935919,-0.14372992686682906,0.1639885864695535,MAP,obs
7,CE10_chr5_41935919,-0.043638813707836725,0.11801374418354227,MAP,obs
8,CE10_chr5_41935919,-0.153927488451532,0.26775289904803046,MAP,obs
9,CE10_chr5_41935919,-0.34313192034398665,0.18111388806650197,MAP,obs
10,CE10_chr5_41935919,0.1942895394174041,0.19245694507743352,MAP,obs
11,CE10_chr5_41935919,0.10924344887133482,0.1003286739834687,MAP,obs
12,CE10_chr5_41935919,-0.11909976422601755,17333.085618816578,MAP,obs
1,CE10_chr5_51317709,-0.3920600196984424,0.1963352279219387,MAP,obs
2,CE10_chr5_51317709,0.08156261656173153,0.18304063081415317,MAP,obs
3,CE10_chr5_51317709,0.1067845318802318,0.30963943270235983,MAP,obs
4,CE10_chr5_51317709,0.22366934257140092,0.9016448926941215,MAP,obs
5,CE10_chr5_51317709,-11.350697064835625,19122.420387436767,MAP,obs
6,CE10_chr5_51317709,0.25482708968577716,20996.23939668695,MAP,obs
7,CE10_chr5_51317709,-11.498920980101774,19779.743974551548,MAP,obs
8,CE10_chr5_51317709,21.5868781530289,38512.80089087953,MAP,obs
9,CE10_chr5_51317709,-0.088409880805998,0.4271162862156966,MAP,obs
10,CE10_chr5_51317709,0.026621078486552128,20820.2423421203,MAP,obs
11,CE10_chr5_51317709,-0.03566519033744197,14991.48804290804,MAP,obs
12,CE10_chr5_51317709,-0.6994740679463385,0.2627001342458554,MAP,obs
1,CE10_chr6_2960740,23.39285546309603,55081.69107317776,MAP,obs
2,CE10_chr6_2960740,-0.040458948437533226,0.2869797513923564,MAP,obs
3,CE10_chr6_2960740,-0.37401515107483607,0.14148719783596853,MAP,obs
4,CE10_chr6_2960740,0.2323797571446908,0.27863701909539995,MAP,obs
5,CE10_chr6_2960740,-0.06120850530866798,0.120644228622269,MAP,obs
6,CE10_chr6_2960740,-0.43396473205148484,0.1808309167290045,MAP,obs
7,CE10_chr6_2960740,-11.490813401621399,19775.1624605132,MAP,obs
8,CE10_chr6_2960740,0.27358908079319977,0.22270308696202556,MAP,obs
9,CE10_chr6_2960740,0.12202111403814436,0.11756275612242555,MAP,obs
10,CE10_chr6_2960740,-0.11329557299011223,0.14673628553230492,MAP,obs
11,CE10_chr6_2960740,-0.07484359256427535,0.1325838255053125,MAP,obs
12,CE10_chr6_2960740,-0.11909976422601755,17333.085618816578,MAP,obs
1,CE10_chr6_15917289,-0.046878860539340636,0.1801189303013283,MAP,obs
2,CE10_chr6_15917289,-0.3590945962483682,0.1505502684098103,MAP,obs
3,CE10_chr6_15917289,-0.07216772618597479,0.4862558502239249,MAP,obs
4,CE10_chr6_15917289,0.22366934257140092,0.9016448926941215,MAP,obs
5,CE10_chr6_15917289,0.0911881641763685,0.1362083564271125,MAP,obs
6,CE10_chr6_15917289,0.23678949944260355,21195.576350908632,MAP,obs
7,CE10_chr6_15917289,-0.021820511876255673,19952.2938946584,MAP,obs
8,CE10_chr6_15917289,-0.1226659009943565,20605.882992165392,MAP,obs
9,CE10_chr6_15917289,-0.029856818939710237,25545.76465034129,MAP,obs
10,CE10_chr6_15917289,0.011744428968410093,20994.4008356681,MAP,obs
11,CE10_chr6_15917289,0.1963080407992946,0.35892790114261464,MAP,obs
12,CE10_chr6_15917289,0.39043203912857544,0.13393246795448494,MAP,obs
1,CE10_chr6_44342063,0.5807943155297735,0.31898789480482626,MAP,obs
2,CE10_chr6_44342063,0.35351290621215525,0.20064395140709465,MAP,obs
3,CE10_chr6_44342063,-0.23848598773235377,0.12070604633691634,MAP,obs
4,CE10_chr6_44342063,0.20994589205164924,0.2801470620056278,MAP,obs
5,CE10_chr6_44342063,-0.02740188423770882,0.15565753854172792,MAP,obs
6,CE10_chr6_44342063,-0.42793792976155776,0.17865535237804295,MAP,obs
7,CE10_chr6_44342063,-0.28708255611938693,0.11989200518117371,MAP,obs
8,CE10_chr6_44342063,0.13292886706876053,0.17356273639362332,MAP,obs
9,CE10_chr6_44342063,0.015338878167981771,0.10939963459394736,MAP,obs
10,CE10_chr6_44342063,0.03300433961193898,0.17252981577154522,MAP,obs
11,CE10_chr6_44342063,-0.1724071399482746,0.12842324170706038,MAP,obs
12,CE10_chr6_44342063,-0.23029061596903128,0.12058166695044764,MAP,obs
1,CE10_chr6_52682352,-0.24073663704777618,0.21120489622892563,MAP,obs
2,CE10_chr6_52682352,0.544563279735066,0.19264165399164715,MAP,obs
3,CE10_chr6_52682352,0.04142338148162203,0.12765125174269404,MAP,obs
4,CE10_chr6_52682352,0.4752918788953533,0.33856258356217006,MAP,obs
5,CE10_chr6_52682352,0.04730852458792352,0.11402407398382983,MAP,obs
6,CE10_chr6_52682352,0.17367290222062004,0.14102366086366214,MAP,obs
7,CE10_chr6_52682352,-11.501451283192818,19829.867849920312,MAP,obs
8,CE10_chr6_52682352,0.12265593112434267,0.16986411763105153,MAP,obs
9,CE10_chr6_52682352,-0.0295230714108398,0.10905454068761762,MAP,obs
10,CE10_chr6_52682352,0.1559296152774783,0.1294156813039989,MAP,obs
11,CE10_chr6_52682352,0.44987774654868024,0.13447673375939362,MAP,obs
12,CE10_chr6_52682352,-0.44687528329838455,0.13586385413734586,MAP,obs
1,CE10_chr6_54471327,0.09711552112217006,0.23761813376278834,MAP,obs
2,CE10_chr6_54471327,-0.29854256410636276,0.21515674834463094,MAP,obs
3,CE10_chr6_54471327,0.09024259051936369,0.1293502419143029,MAP,obs
4,CE10_chr6_54471327,0.7447067168174955,0.3282269543658334,MAP,obs
5,CE10_chr6_54471327,8.18071136281588e-15,0.24695728520946836,MAP,obs
6,CE10_chr6_54471327,0.13781375347867889,0.19660773722813282,MAP,obs
7,CE10_chr6_54471327,-0.1115376415722684,0.13102715416708224,MAP,obs
8,CE10_chr6_54471327,-0.1082833319955162,0.17474162349439076,MAP,obs
9,CE10_chr6_54471327,-0.019436231594465368,0.1097008908387989,MAP,obs
10,CE10_chr6_54471327,-0.03194746351237297,0.1371385663033055,MAP,obs
11,CE10_chr6_54471327,-0.12978914351124288,0.13463244131525376,MAP,obs
12,CE10_chr6_54471327,-0.5320984215224133,0.20774134612526052,MAP,obs
1,CE10_chr6_56961778,-0.16498027577414795,0.39512386749980294,MAP,obs
2,CE10_chr6_56961778,-0.16020245371614875,0.2303924360802137,MAP,obs
3,CE10_chr6_56961778,0.27260231900896875,0.2284539917038386,MAP,obs
4,CE10_chr6_56961778,-0.37344487881288796,0.3997453444066548,MAP,obs
5,CE10_chr6_56961778,-0.6151123968448065,0.3898631402236038,MAP,obs
6,CE10_chr6_56961778,0.05897400607260465,0.13947271216988472,MAP,obs
7,CE10_chr6_56961778,-0.5910092233032226,0.22636178101829743,MAP,obs
8,CE10_chr6_56961778,0.0024749755882456123,0.21666362274399906,MAP,obs
9,CE10_chr6_56961778,0.017457816414464988,0.10382049189322409,MAP,obs
10,CE10_chr6_56961778,-0.21317682347015787,0.12283608308205304,MAP,obs
11,CE10_chr6_56961778,-0.06482248327887101,0.1028385666815402,MAP,obs
12,CE10_chr6_56961778,-0.10743829275538354,17493.431043814966,MAP,obs
1,CE10_chr7_984083,-5.593643674519466e-10,0.38219001471978736,MAP,obs
2,CE10_chr7_984083,0.16389978213414116,0.20245868552487015,MAP,obs
3,CE10_chr7_984083,-0.10058569763864492,0.13482301884713954,MAP,obs
4,CE10_chr7_984083,-0.4055050733744458,0.38593571378745983,MAP,obs
5,CE10_chr7_984083,0.24645694989672393,0.1568951133543248,MAP,obs
6,CE10_chr7_984083,0.09875298568471252,0.14815980069484297,MAP,obs
7,CE10_chr7_984083,-0.32604696373204106,0.20375881171359636,MAP,obs
8,CE10_chr7_984083,-22.298242912689954,37704.801819299784,MAP,obs
9,CE10_chr7_984083,0.12215737916439703,0.14648282244798747,MAP,obs
10,CE10_chr7_984083,-0.0517015685114751,0.11946629080364471,MAP,obs
11,CE10_chr7_984083,-0.22789160327738392,0.1510401583884749,MAP,obs
12,CE10_chr7_984083,-0.11909976422601755,17333.085618816578,MAP,obs
1,CE10_chr7_2536471,23.78885915510671,53081.091569569835,MAP,obs
2,CE10_chr7_2536471,22.583918383316586,37139.45644638884,MAP,obs
3,CE10_chr7_2536471,-0.22470342800301976,0.12159656755330214,MAP,obs
4,CE10_chr7_2536471,0.20097103107159736,0.27324764639702104,MAP,obs
5,CE10_chr7_2536471,-0.008117759231832984,0.11921849684284526,MAP,obs
6,CE10_chr7_2536471,0.055114188864213494,0.18375294706506,MAP,obs
7,CE10_chr7_2536471,-0.008598654447684461,0.1375651946517419,MAP,obs
8,CE10_chr7_2536471,-0.8186655478740427,0.8448174976427238,MAP,obs
9,CE10_chr7_2536471,-0.03891757739619695,0.10155335356461043,MAP,obs
10,CE10_chr7_2536471,0.4398512457562091,0.16742766347847865,MAP,obs
11,CE10_chr7_2536471,-0.03343631834827895,0.10736946677201858,MAP,obs
12,CE10_chr7_2536471,-0.11909976422601755,17333.085618816578,MAP,obs
1,CE10_chr7_29038207,0.41395799977480385,0.33668785706577536,MAP,obs
2,CE10_chr7_29038207,0.5857847266603046,0.4759597369240592,MAP,obs
3,CE10_chr7_29038207,-0.140125416901085,0.11878417525213543,MAP,obs
4,CE10_chr7_29038207,0.23256090772837215,0.27488163268378446,MAP,obs
5,CE10_chr7_29038207,-0.271767534593395,0.13663388310921634,MAP,obs
6,CE10_chr7_29038207,0.02567789505850814,0.13807539797177792,MAP,obs
7,CE10_chr7_29038207,-11.690129144040757,18841.877834648967,MAP,obs
8,CE10_chr7_29038207,-0.32281371068925957,0.22644939982299545,MAP,obs
9,CE10_chr7_29038207,0.12166762499683904,0.1017861009076564,MAP,obs
10,CE10_chr7_29038207,-0.03323542672882852,0.1153297603148141,MAP,obs
11,CE10_chr7_29038207,-0.1356750489679098,0.12055680799193157,MAP,obs
12,CE10_chr7_29038207,-0.0945854138468986,17667.74353047461,MAP,obs
1,CE10_chr7_31768391,-0.17344274813192456,0.30933617684522763,MAP,obs
2,CE10_chr7_31768391,22.358849275601287,37629.95172503858,MAP,obs
3,CE10_chr7_31768391,21.79904331568392,32842.95102948068,MAP,obs
4,CE10_chr7_31768391,0.5214042004429289,0.3751737585768586,MAP,obs
5,CE10_chr7_31768391,-0.15025867268566004,0.25651070804886766,MAP,obs
6,CE10_chr7_31768391,-0.15459261710395025,0.15715133759178884,MAP,obs
7,CE10_chr7_31768391,0.00886888126712809,0.11044037565160722,MAP,obs
8,CE10_chr7_31768391,-7.66517987260844,14050.342578545724,MAP,obs
9,CE10_chr7_31768391,-0.16193847547501733,0.18357803468706752,MAP,obs
10,CE10_chr7_31768391,-0.11710914872291554,0.14059972084472222,MAP,obs
11,CE10_chr7_31768391,-0.18767650599189234,0.11235907108854808,MAP,obs
12,CE10_chr7_31768391,-0.10743829275538354,17493.431043814966,MAP,obs
1,CE10_chr7_40760110,23.391552808911843,55045.941136681024,MAP,obs
2,CE10_chr7_40760110,-0.2255626505950468,0.32816728061039113,MAP,obs
3,CE10_chr7_40760110,-0.1204209962602151,0.1728965879504948,MAP,obs
4,CE10_chr7_40760110,0.3794328825504543,0.30131538079513703,MAP,obs
5,CE10_chr7_40760110,0.13453836337406969,0.15649978252872002,MAP,obs
6,CE10_chr7_40760110,0.06781599779970572,0.14834640835776933,MAP,obs
7,CE10_chr7_40760110,-0.4824973187039047,0.3307328881383221,MAP,obs
8,CE10_chr7_40760110,-0.3861505876026676,0.4956832305962326,MAP,obs
9,CE10_chr7_40760110,-0.0789032834328688,0.1820511355148751,MAP,obs
10,CE10_chr7_40760110,-0.21239543011651352,0.1340125251526804,MAP,obs
11,CE10_chr7_40760110,0.08419285303660957,0.11786885303908981,MAP,obs
12,CE10_chr7_40760110,-0.037824580124834944,0.11371906155836334,MAP,obs
1,CE10_chr7_41245070,0.012203528672166496,0.27802480063029245,MAP,obs
2,CE10_chr7_41245070,0.005116268928309409,19047.8455666963,MAP,obs
3,CE10_chr7_41245070,0.18826480349886926,0.12137707131636617,MAP,obs
4,CE10_chr7_41245070,22.02984184531289,55290.86300852857,MAP,obs
5,CE10_chr7_41245070,-0.06796113882120565,0.16381663244404465,MAP,obs
6,CE10_chr7_41245070,0.3810721798010892,0.22215556111105908,MAP,obs
7,CE10_chr7_41245070,0.1702530116605891,0.19234864630917817,MAP,obs
8,CE10_chr7_41245070,-0.22641429224609247,0.21208834979154556,MAP,obs
9,CE10_chr7_41245070,0.14038069543726328,0.13194583610660537,MAP,obs
10,CE10_chr7_41245070,0.2007801832516805,0.12825164808850628,MAP,obs
11,CE10_chr7_41245070,0.05101591410042238,0.09973351992801943,MAP,obs
12,CE10_chr7_41245070,-0.11909976422601755,17333.085618816578,MAP,obs
1,CE10_chr7_41267709,-0.2072808482250293,0.1721701835103067,MAP,obs
2,CE10_chr7_41267709,0.2216407448848012,0.19186810577020486,MAP,obs
3,CE10_chr7_41267709,0.6052270269432901,0.18213164381165337,MAP,obs
4,CE10_chr7_41267709,0.33042139270601517,0.38481610537170996,MAP,obs
5,CE10_chr7_41267709,0.13146331779836787,0.1321287402846121,MAP,obs
6,CE10_chr7_41267709,-0.08037843029478584,0.16397993759151816,MAP,obs
7,CE10_chr7_41267709,-0.0011658286810742676,0.11194963843903444,MAP,obs
8,CE10_chr7_41267709,-0.11648543163780464,0.20490890347436666,MAP,obs
9,CE10_chr7_41267709,0.028460977218027112,0.10786777863450962,MAP,obs
10,CE10_chr7_41267709,-0.12875563511519114,0.13775994757743484,MAP,obs
11,CE10_chr7_41267709,0.027643738288264972,0.10240759346800977,MAP,obs
12,CE10_chr7_41267709,-0.6519874696698227,0.6858423457430585,MAP,obs
1,CE10_chr7_41271416,-0.11411234446876879,0.16232699369303616,MAP,obs
2,CE10_chr7_41271416,0.5589964119142585,0.6767337699466759,MAP,obs
3,CE10_chr7_41271416,0.34959708340856616,0.1811613852076624,MAP,obs
4,CE10_chr7_41271416,0.09585138637090244,0.40897200185431953,MAP,obs
5,CE10_chr7_41271416,0.07610397993406069,0.1235609081538756,MAP,obs
6,CE10_chr7_41271416,0.062184060898397724,0.16818898079695083,MAP,obs
7,CE10_chr7_41271416,-0.04951712583032378,27488.068915798216,MAP,obs
8,CE10_chr7_41271416,-0.14958144590863934,0.21578612485772863,MAP,obs
9,CE10_chr7_41271416,0.09080701638731511,0.1092165882811594,MAP,obs
10,CE10_chr7_41271416,-0.0121795299821398,0.12937419740548167,MAP,obs
11,CE10_chr7_41271416,0.1477568304180699,0.11950775242926984,MAP,obs
12,CE10_chr7_41271416,-0.6519874696698227,0.6858423457430585,MAP,obs
1,CE10_chr7_42408406,-0.03405550439377808,0.21174633038315513,MAP,obs
2,CE10_chr7_42408406,-0.9761253292071204,0.8117768428359576,MAP,obs
3,CE10_chr7_42408406,0.07939825727043909,0.15660910856288218,MAP,obs
4,CE10_chr7_42408406,-0.34408692079364334,0.4066254832193638,MAP,obs
5,CE10_chr7_42408406,-0.554855974181837,0.24699876639524146,MAP,obs
6,CE10_chr7_42408406,7.237738125772938,14802.698529187923,MAP,obs
7,CE10_chr7_42408406,0.23911580249983708,0.4036452361165426,MAP,obs
8,CE10_chr7_42408406,NA,NA,MAP,obs
9,CE10_chr7_42408406,-5.997431291341628,14175.381955627163,MAP,obs
10,CE10_chr7_42408406,-0.24626869094578657,0.1583986679663791,MAP,obs
11,CE10_chr7_42408406,-0.38459371899019035,0.5121835268660344,MAP,obs
12,CE10_chr7_42408406,-21.692122900104906,36507.832312149876,MAP,obs
1,CE10_chr7_42733456,22.70620341443551,56961.40735899042,MAP,obs
2,CE10_chr7_42733456,0.274491643653868,0.2895599176262659,MAP,obs
3,CE10_chr7_42733456,-0.1761799948010851,0.12683045416702496,MAP,obs
4,CE10_chr7_42733456,0.394528154869937,0.4289593933104039,MAP,obs
5,CE10_chr7_42733456,0.04771780464374335,0.11958021200949959,MAP,obs
6,CE10_chr7_42733456,0.018376128208271995,0.14221466133575855,MAP,obs
7,CE10_chr7_42733456,-0.6948804428328167,0.26688803647895437,MAP,obs
8,CE10_chr7_42733456,-0.08737824324023027,0.24920415239874885,MAP,obs
9,CE10_chr7_42733456,-0.27967946355239476,0.26636660290807934,MAP,obs
10,CE10_chr7_42733456,0.040502338288435094,0.1163227760249445,MAP,obs
11,CE10_chr7_42733456,-0.08308643602751811,0.11232630805886584,MAP,obs
12,CE10_chr7_42733456,-0.11909976422601755,17333.085618816578,MAP,obs
1,CE10_chr8_2514047,-0.14382250028715457,0.2822850535431945,MAP,obs
2,CE10_chr8_2514047,-0.1605540089522283,0.1645918495094961,MAP,obs
3,CE10_chr8_2514047,-0.16457525742498344,0.1461268786329495,MAP,obs
4,CE10_chr8_2514047,-0.07703790435473526,0.3146188388207978,MAP,obs
5,CE10_chr8_2514047,-0.04440685143102243,0.1336377800756711,MAP,obs
6,CE10_chr8_2514047,0.03377220414463138,0.1501992981242459,MAP,obs
7,CE10_chr8_2514047,0.04925925215672329,0.1444564775088217,MAP,obs
8,CE10_chr8_2514047,-0.08658701841013053,0.17935002515622156,MAP,obs
9,CE10_chr8_2514047,-0.25306582534577543,0.26222868432832125,MAP,obs
10,CE10_chr8_2514047,0.45228434773936194,0.3166579862479918,MAP,obs
11,CE10_chr8_2514047,-0.03751656873818856,0.15712889827031096,MAP,obs
12,CE10_chr8_2514047,-0.20208945062733694,0.12225198176769352,MAP,obs
1,CE10_chr8_4031576,23.952384456054137,52056.1512813267,MAP,obs
2,CE10_chr8_4031576,-0.01727081091368707,18794.98676483681,MAP,obs
3,CE10_chr8_4031576,-0.05652139090039371,0.11541891740536035,MAP,obs
4,CE10_chr8_4031576,0.13206230388401335,0.27819253088640716,MAP,obs
5,CE10_chr8_4031576,-0.20255782502773154,0.11972104289406278,MAP,obs
6,CE10_chr8_4031576,-0.04262489661912248,0.14308615444811218,MAP,obs
7,CE10_chr8_4031576,-0.06979186760933703,0.12346292414934637,MAP,obs
8,CE10_chr8_4031576,0.12266592559435237,20605.888784812152,MAP,obs
9,CE10_chr8_4031576,-0.0011413892565381853,0.1453434870893567,MAP,obs
10,CE10_chr8_4031576,0.2214068639258551,0.1177684915047151,MAP,obs
11,CE10_chr8_4031576,0.03008498711247591,0.10245864162579374,MAP,obs
12,CE10_chr8_4031576,-0.11909976422601755,17333.085618816578,MAP,obs
1,CE10_chr8_12390215,-0.3266790834926986,0.2079654984663096,MAP,obs
2,CE10_chr8_12390215,-0.09296236310537682,0.13144188933768403,MAP,obs
3,CE10_chr8_12390215,-0.14329843176243054,0.18387522201684967,MAP,obs
4,CE10_chr8_12390215,-0.43753171745496017,0.42273168590943594,MAP,obs
5,CE10_chr8_12390215,-0.04930401378944039,0.16730971280939758,MAP,obs
6,CE10_chr8_12390215,-0.05495059702528448,0.16262299259479987,MAP,obs
7,CE10_chr8_12390215,0.04998978032867915,0.1259589473921837,MAP,obs
8,CE10_chr8_12390215,0.09118444658448825,0.2121260688128496,MAP,obs
9,CE10_chr8_12390215,-0.05699109650189736,0.18257181369224437,MAP,obs
10,CE10_chr8_12390215,0.1218674868572916,0.12459141971130178,MAP,obs
11,CE10_chr8_12390215,-0.37854982910239493,0.12240134700088573,MAP,obs
12,CE10_chr8_12390215,0.2579620524642008,0.14603001678026473,MAP,obs
1,CE10_chr8_43930850,0.20716842110115738,0.47959728437062626,MAP,obs
2,CE10_chr8_43930850,-0.11634063356619218,0.27687064815913354,MAP,obs
3,CE10_chr8_43930850,-0.47107604046900353,0.19795267419939416,MAP,obs
4,CE10_chr8_43930850,0.8874947759358306,0.5273158606539503,MAP,obs
5,CE10_chr8_43930850,0.08007915440080463,0.1367616227873625,MAP,obs
6,CE10_chr8_43930850,0.24953765341763465,24287.534711796518,MAP,obs
7,CE10_chr8_43930850,-4.416681341385637e-15,20106.909699578788,MAP,obs
8,CE10_chr8_43930850,-0.1226659009943565,20605.882992165392,MAP,obs
9,CE10_chr8_43930850,-0.10863304022550808,0.43691298908081716,MAP,obs
10,CE10_chr8_43930850,-0.5157740912712716,0.5061088589934657,MAP,obs
11,CE10_chr8_43930850,-0.025303458092887674,15640.097982744242,MAP,obs
12,CE10_chr8_43930850,-0.35761388601430333,0.6490517458099314,MAP,obs
